SET FOREIGN_KEY_CHECKS = 0;
INSERT INTO `User` (`ID`,`FirstName`,`LastName`,`EMail`,`Password`,`IsAdmin`,`IsArtist`,`ArtistID`) VALUES (1,"Victor","Mccray","congue.In.scelerisque@tincidunt.ca","NEQ65XZW5QJ",1,1,1);
INSERT INTO `User` (`ID`,`FirstName`,`LastName`,`EMail`,`Password`,`IsAdmin`,`IsArtist`,`ArtistID`) VALUES (2,"Carolyn","Gonzales","Class.aptent.taciti@antedictum.com","UPV22GYJ6GE",1,1,2);
INSERT INTO `User` (`ID`,`FirstName`,`LastName`,`EMail`,`Password`,`IsAdmin`,`IsArtist`,`ArtistID`) VALUES (3,"Eugenia","Thompson","ac@lorem.co.uk","XFE41FXZ8QI",0,0,3);
INSERT INTO `User` (`ID`,`FirstName`,`LastName`,`EMail`,`Password`,`IsAdmin`,`IsArtist`,`ArtistID`) VALUES (4,"Joel","Schneider","dolor@ornare.edu","HJJ23YIB0XS",1,0,4);
INSERT INTO `User` (`ID`,`FirstName`,`LastName`,`EMail`,`Password`,`IsAdmin`,`IsArtist`,`ArtistID`) VALUES (5,"Mari","Shields","adipiscing.elit@vestibulumnequesed.org","HAL48KOC4DJ",0,0,5);
INSERT INTO `User` (`ID`,`FirstName`,`LastName`,`EMail`,`Password`,`IsAdmin`,`IsArtist`,`ArtistID`) VALUES (6,"Hu","Barry","velit.Sed@eu.co.uk","GDE69YXN6UL",1,1,6);
INSERT INTO `User` (`ID`,`FirstName`,`LastName`,`EMail`,`Password`,`IsAdmin`,`IsArtist`,`ArtistID`) VALUES (7,"Rowan","Shepard","sed@Etiamimperdietdictum.co.uk","QJR49ZXA1CN",1,0,7);
INSERT INTO `User` (`ID`,`FirstName`,`LastName`,`EMail`,`Password`,`IsAdmin`,`IsArtist`,`ArtistID`) VALUES (8,"Yuri","Copeland","eu.augue@Proinvel.org","GRJ92SAA3SN",0,1,8);
INSERT INTO `User` (`ID`,`FirstName`,`LastName`,`EMail`,`Password`,`IsAdmin`,`IsArtist`,`ArtistID`) VALUES (9,"Aphrodite","Moss","a@eu.org","BXB77QDF5UT",0,0,9);
INSERT INTO `User` (`ID`,`FirstName`,`LastName`,`EMail`,`Password`,`IsAdmin`,`IsArtist`,`ArtistID`) VALUES (10,"Nita","Nash","vulputate@odio.com","VNH64ZSC3CV",1,0,10);
INSERT INTO `User` (`ID`,`FirstName`,`LastName`,`EMail`,`Password`,`IsAdmin`,`IsArtist`,`ArtistID`) VALUES (11,"Lucas","Fisher","fermentum.fermentum.arcu@etmalesuada.net","YVP05COT9HG",1,1,11);
INSERT INTO `User` (`ID`,`FirstName`,`LastName`,`EMail`,`Password`,`IsAdmin`,`IsArtist`,`ArtistID`) VALUES (12,"Daniel","Fletcher","Integer.id.magna@malesuadaiderat.ca","GWT64OKY5KJ",0,0,12);
INSERT INTO `User` (`ID`,`FirstName`,`LastName`,`EMail`,`Password`,`IsAdmin`,`IsArtist`,`ArtistID`) VALUES (13,"Jaime","Munoz","amet.massa.Quisque@maurissit.edu","ZKO85KNB3ZE",1,0,13);
INSERT INTO `User` (`ID`,`FirstName`,`LastName`,`EMail`,`Password`,`IsAdmin`,`IsArtist`,`ArtistID`) VALUES (14,"Alice","Haley","congue.In.scelerisque@Aeneanegetmetus.net","VTQ21HAN5PI",1,1,14);
INSERT INTO `User` (`ID`,`FirstName`,`LastName`,`EMail`,`Password`,`IsAdmin`,`IsArtist`,`ArtistID`) VALUES (15,"Sydnee","Davenport","ultrices@telluseu.net","ZVU20SQI2JQ",1,1,15);
INSERT INTO `User` (`ID`,`FirstName`,`LastName`,`EMail`,`Password`,`IsAdmin`,`IsArtist`,`ArtistID`) VALUES (16,"Murphy","Goodman","venenatis@erosturpis.ca","LZE19SET5KL",1,0,16);
INSERT INTO `User` (`ID`,`FirstName`,`LastName`,`EMail`,`Password`,`IsAdmin`,`IsArtist`,`ArtistID`) VALUES (17,"Kylie","Hull","Morbi.quis@diamloremauctor.org","MAM96SCR5ZZ",1,1,17);
INSERT INTO `User` (`ID`,`FirstName`,`LastName`,`EMail`,`Password`,`IsAdmin`,`IsArtist`,`ArtistID`) VALUES (18,"Todd","Horton","fermentum@temporaugue.org","AHO95SYO2QQ",0,1,18);
INSERT INTO `User` (`ID`,`FirstName`,`LastName`,`EMail`,`Password`,`IsAdmin`,`IsArtist`,`ArtistID`) VALUES (19,"Bethany","Ayala","ipsum.cursus@Sedetlibero.org","GTE91SVF9WL",0,1,19);
INSERT INTO `User` (`ID`,`FirstName`,`LastName`,`EMail`,`Password`,`IsAdmin`,`IsArtist`,`ArtistID`) VALUES (20,"Amanda","Burton","orci.adipiscing.non@purus.com","JSH18WLJ2KU",1,1,20);
INSERT INTO `User` (`ID`,`FirstName`,`LastName`,`EMail`,`Password`,`IsAdmin`,`IsArtist`,`ArtistID`) VALUES (21,"Kuame","Cooke","Aliquam@dolor.org","OKB83PVZ1WU",1,0,21);
INSERT INTO `User` (`ID`,`FirstName`,`LastName`,`EMail`,`Password`,`IsAdmin`,`IsArtist`,`ArtistID`) VALUES (22,"Kimberley","Sanders","tristique.neque@consequatnec.co.uk","CEM18XRA4JJ",1,0,22);
INSERT INTO `User` (`ID`,`FirstName`,`LastName`,`EMail`,`Password`,`IsAdmin`,`IsArtist`,`ArtistID`) VALUES (23,"Kareem","Melendez","eu.tellus@nunc.edu","VYH56TXI9FV",1,0,23);
INSERT INTO `User` (`ID`,`FirstName`,`LastName`,`EMail`,`Password`,`IsAdmin`,`IsArtist`,`ArtistID`) VALUES (24,"Raven","Woodward","natoque@a.com","GEA76ZDR4OX",0,0,24);
INSERT INTO `User` (`ID`,`FirstName`,`LastName`,`EMail`,`Password`,`IsAdmin`,`IsArtist`,`ArtistID`) VALUES (25,"Petra","Flowers","velit@molestietellus.com","ERS82PRA3KN",0,1,25);
INSERT INTO `User` (`ID`,`FirstName`,`LastName`,`EMail`,`Password`,`IsAdmin`,`IsArtist`,`ArtistID`) VALUES (26,"Tatyana","Padilla","purus@natoquepenatibus.ca","DMH13BZB9BO",1,0,26);
INSERT INTO `User` (`ID`,`FirstName`,`LastName`,`EMail`,`Password`,`IsAdmin`,`IsArtist`,`ArtistID`) VALUES (27,"Julie","Griffin","facilisis.magna.tellus@SednequeSed.net","ZVN99GCY4NL",1,1,27);
INSERT INTO `User` (`ID`,`FirstName`,`LastName`,`EMail`,`Password`,`IsAdmin`,`IsArtist`,`ArtistID`) VALUES (28,"Evan","Pollard","dui@at.org","SOF81FYT8TI",1,1,28);
INSERT INTO `User` (`ID`,`FirstName`,`LastName`,`EMail`,`Password`,`IsAdmin`,`IsArtist`,`ArtistID`) VALUES (29,"Illiana","Morton","nisl.elementum@lectusante.org","YZM60WHO9AV",1,0,29);
INSERT INTO `User` (`ID`,`FirstName`,`LastName`,`EMail`,`Password`,`IsAdmin`,`IsArtist`,`ArtistID`) VALUES (30,"Brooke","Bradley","et@purusaccumsan.co.uk","OZC49LQQ5LC",1,1,30);
INSERT INTO `User` (`ID`,`FirstName`,`LastName`,`EMail`,`Password`,`IsAdmin`,`IsArtist`,`ArtistID`) VALUES (31,"Sonia","Pickett","Curae.Donec.tincidunt@dolordolor.edu","GEL30FRE8DK",0,1,31);
INSERT INTO `User` (`ID`,`FirstName`,`LastName`,`EMail`,`Password`,`IsAdmin`,`IsArtist`,`ArtistID`) VALUES (32,"Josiah","Bauer","turpis.vitae@diamSed.net","NYX65RBA5ZE",0,1,32);
INSERT INTO `User` (`ID`,`FirstName`,`LastName`,`EMail`,`Password`,`IsAdmin`,`IsArtist`,`ArtistID`) VALUES (33,"Ross","Gonzales","tristique@enimnectempus.org","KSU04CSC8SI",0,1,33);
INSERT INTO `User` (`ID`,`FirstName`,`LastName`,`EMail`,`Password`,`IsAdmin`,`IsArtist`,`ArtistID`) VALUES (34,"Serina","Le","elit@SednequeSed.org","LYZ90DOJ2BD",1,0,34);
INSERT INTO `User` (`ID`,`FirstName`,`LastName`,`EMail`,`Password`,`IsAdmin`,`IsArtist`,`ArtistID`) VALUES (35,"Lisandra","Cohen","velit@dolor.org","XVY95LEU1UD",1,0,35);
INSERT INTO `User` (`ID`,`FirstName`,`LastName`,`EMail`,`Password`,`IsAdmin`,`IsArtist`,`ArtistID`) VALUES (36,"Bo","Stevens","sit@habitantmorbi.com","NBW15ZNQ9PF",1,0,36);
INSERT INTO `User` (`ID`,`FirstName`,`LastName`,`EMail`,`Password`,`IsAdmin`,`IsArtist`,`ArtistID`) VALUES (37,"Gary","Wilcox","venenatis.a.magna@Inatpede.com","PTR05RMM1CU",1,1,37);
INSERT INTO `User` (`ID`,`FirstName`,`LastName`,`EMail`,`Password`,`IsAdmin`,`IsArtist`,`ArtistID`) VALUES (38,"Isadora","Hall","Curabitur.sed@quisarcuvel.co.uk","FCX36XVM4TD",0,0,38);
INSERT INTO `User` (`ID`,`FirstName`,`LastName`,`EMail`,`Password`,`IsAdmin`,`IsArtist`,`ArtistID`) VALUES (39,"Lane","Lara","sem@sedfacilisis.edu","WJD31PYJ7VU",1,0,39);
INSERT INTO `User` (`ID`,`FirstName`,`LastName`,`EMail`,`Password`,`IsAdmin`,`IsArtist`,`ArtistID`) VALUES (40,"Erica","Glenn","Suspendisse.aliquet@euplacerat.co.uk","DLM70BPV0IY",0,0,40);
INSERT INTO `User` (`ID`,`FirstName`,`LastName`,`EMail`,`Password`,`IsAdmin`,`IsArtist`,`ArtistID`) VALUES (41,"Yael","Dickson","nunc.sed@Praesentinterdumligula.ca","HXM13PDN8GG",1,0,41);
INSERT INTO `User` (`ID`,`FirstName`,`LastName`,`EMail`,`Password`,`IsAdmin`,`IsArtist`,`ArtistID`) VALUES (42,"Autumn","Conley","dapibus@acliberonec.org","DKF42KQM5TW",1,1,42);
INSERT INTO `User` (`ID`,`FirstName`,`LastName`,`EMail`,`Password`,`IsAdmin`,`IsArtist`,`ArtistID`) VALUES (43,"Hayes","Odonnell","augue.eu.tempor@ornare.co.uk","ZGF73XIG3SO",1,1,43);
INSERT INTO `User` (`ID`,`FirstName`,`LastName`,`EMail`,`Password`,`IsAdmin`,`IsArtist`,`ArtistID`) VALUES (44,"Rose","Cooke","euismod@QuisquevariusNam.co.uk","JCB12SBS1VU",1,0,44);
INSERT INTO `User` (`ID`,`FirstName`,`LastName`,`EMail`,`Password`,`IsAdmin`,`IsArtist`,`ArtistID`) VALUES (45,"Allen","Phelps","Sed.eget@Phasellusinfelis.net","JUW30WQN0OM",1,1,45);
INSERT INTO `User` (`ID`,`FirstName`,`LastName`,`EMail`,`Password`,`IsAdmin`,`IsArtist`,`ArtistID`) VALUES (46,"Lee","Flores","ipsum.sodales@arcueu.co.uk","TBO62RBI0NJ",1,0,46);
INSERT INTO `User` (`ID`,`FirstName`,`LastName`,`EMail`,`Password`,`IsAdmin`,`IsArtist`,`ArtistID`) VALUES (47,"Fallon","Walker","lorem.auctor.quis@venenatisa.net","JJH41EVU5FV",0,0,47);
INSERT INTO `User` (`ID`,`FirstName`,`LastName`,`EMail`,`Password`,`IsAdmin`,`IsArtist`,`ArtistID`) VALUES (48,"Nyssa","Sawyer","dolor@nequeMorbiquis.com","JVK50RMT3SO",1,0,48);
INSERT INTO `User` (`ID`,`FirstName`,`LastName`,`EMail`,`Password`,`IsAdmin`,`IsArtist`,`ArtistID`) VALUES (49,"Winifred","Sharpe","et@eget.org","EUY07MDX4VH",1,0,49);
INSERT INTO `User` (`ID`,`FirstName`,`LastName`,`EMail`,`Password`,`IsAdmin`,`IsArtist`,`ArtistID`) VALUES (50,"Hoyt","Mcgowan","vitae@lectuspedeet.org","DTE09UTG2JX",0,0,50);
INSERT INTO `User` (`ID`,`FirstName`,`LastName`,`EMail`,`Password`,`IsAdmin`,`IsArtist`,`ArtistID`) VALUES (51,"Signe","Hancock","vel@Integerid.edu","PVQ63VYX3ZC",0,1,51);
INSERT INTO `User` (`ID`,`FirstName`,`LastName`,`EMail`,`Password`,`IsAdmin`,`IsArtist`,`ArtistID`) VALUES (52,"Daniel","Mccray","turpis.vitae.purus@Aenean.net","TDR52MUP8VM",1,1,52);
INSERT INTO `User` (`ID`,`FirstName`,`LastName`,`EMail`,`Password`,`IsAdmin`,`IsArtist`,`ArtistID`) VALUES (53,"Haley","Gardner","auctor@estcongue.org","XKF57OFO5AX",1,1,53);
INSERT INTO `User` (`ID`,`FirstName`,`LastName`,`EMail`,`Password`,`IsAdmin`,`IsArtist`,`ArtistID`) VALUES (54,"Regina","Bryan","imperdiet@risus.org","DUK40AGN3GM",0,0,54);
INSERT INTO `User` (`ID`,`FirstName`,`LastName`,`EMail`,`Password`,`IsAdmin`,`IsArtist`,`ArtistID`) VALUES (55,"Rahim","Raymond","adipiscing@ametmassa.co.uk","JZK01PCF0VZ",0,1,55);
INSERT INTO `User` (`ID`,`FirstName`,`LastName`,`EMail`,`Password`,`IsAdmin`,`IsArtist`,`ArtistID`) VALUES (56,"Jolie","Hammond","Aenean@ullamcorperviverraMaecenas.edu","CDF13ONZ0OI",1,1,56);
INSERT INTO `User` (`ID`,`FirstName`,`LastName`,`EMail`,`Password`,`IsAdmin`,`IsArtist`,`ArtistID`) VALUES (57,"Brennan","Santiago","Lorem.ipsum@NullafacilisisSuspendisse.net","BUW87WLE6US",0,0,57);
INSERT INTO `User` (`ID`,`FirstName`,`LastName`,`EMail`,`Password`,`IsAdmin`,`IsArtist`,`ArtistID`) VALUES (58,"Cecilia","York","ultricies@cursusIntegermollis.edu","YFB07NJH9EI",1,1,58);
INSERT INTO `User` (`ID`,`FirstName`,`LastName`,`EMail`,`Password`,`IsAdmin`,`IsArtist`,`ArtistID`) VALUES (59,"Clementine","Morse","enim@egestasrhoncusProin.net","IMF81CSZ8IV",0,0,59);
INSERT INTO `User` (`ID`,`FirstName`,`LastName`,`EMail`,`Password`,`IsAdmin`,`IsArtist`,`ArtistID`) VALUES (60,"Stuart","Stanton","blandit@Nullamlobortisquam.edu","JJS77MGC2OF",0,1,60);
INSERT INTO `User` (`ID`,`FirstName`,`LastName`,`EMail`,`Password`,`IsAdmin`,`IsArtist`,`ArtistID`) VALUES (61,"Daria","Albert","enim.condimentum.eget@Quisque.co.uk","OSX23DXC4UG",0,0,61);
INSERT INTO `User` (`ID`,`FirstName`,`LastName`,`EMail`,`Password`,`IsAdmin`,`IsArtist`,`ArtistID`) VALUES (62,"Maryam","Lott","nisi.nibh@aliquetdiamSed.org","QUY71OSA2QY",1,1,62);
INSERT INTO `User` (`ID`,`FirstName`,`LastName`,`EMail`,`Password`,`IsAdmin`,`IsArtist`,`ArtistID`) VALUES (63,"Bertha","Lloyd","at@Duis.ca","UND90GKH9GB",0,1,63);
INSERT INTO `User` (`ID`,`FirstName`,`LastName`,`EMail`,`Password`,`IsAdmin`,`IsArtist`,`ArtistID`) VALUES (64,"Rebekah","Myers","Proin.nisl@ascelerisquesed.org","NGA68ZDK1SG",1,1,64);
INSERT INTO `User` (`ID`,`FirstName`,`LastName`,`EMail`,`Password`,`IsAdmin`,`IsArtist`,`ArtistID`) VALUES (65,"Jena","Daugherty","sapien.molestie@orciluctus.co.uk","OFA66UFQ4AA",0,1,65);
INSERT INTO `User` (`ID`,`FirstName`,`LastName`,`EMail`,`Password`,`IsAdmin`,`IsArtist`,`ArtistID`) VALUES (66,"Porter","Ruiz","adipiscing.elit@nibhenim.co.uk","WZR65PDQ7OT",0,0,66);
INSERT INTO `User` (`ID`,`FirstName`,`LastName`,`EMail`,`Password`,`IsAdmin`,`IsArtist`,`ArtistID`) VALUES (67,"Carolyn","Travis","tempor.bibendum.Donec@risusDonecnibh.org","VSE20BPR3UA",0,1,67);
INSERT INTO `User` (`ID`,`FirstName`,`LastName`,`EMail`,`Password`,`IsAdmin`,`IsArtist`,`ArtistID`) VALUES (68,"Melinda","Guerra","non.lobortis.quis@ornarelectusante.co.uk","ZYX37OGH1XI",0,0,68);
INSERT INTO `User` (`ID`,`FirstName`,`LastName`,`EMail`,`Password`,`IsAdmin`,`IsArtist`,`ArtistID`) VALUES (69,"Jolie","Henry","imperdiet.non@dolorsit.edu","GYA41OMD6PM",0,1,69);
INSERT INTO `User` (`ID`,`FirstName`,`LastName`,`EMail`,`Password`,`IsAdmin`,`IsArtist`,`ArtistID`) VALUES (70,"Dawn","Pena","dolor.sit.amet@morbitristiquesenectus.com","XRB58CAD8ZM",1,1,70);
INSERT INTO `User` (`ID`,`FirstName`,`LastName`,`EMail`,`Password`,`IsAdmin`,`IsArtist`,`ArtistID`) VALUES (71,"Otto","Gray","Aenean@Donecluctus.net","IJJ55MMM9AM",0,1,71);
INSERT INTO `User` (`ID`,`FirstName`,`LastName`,`EMail`,`Password`,`IsAdmin`,`IsArtist`,`ArtistID`) VALUES (72,"Harrison","Chase","Suspendisse.dui.Fusce@ultricies.ca","TUX17XTQ5CI",1,1,72);
INSERT INTO `User` (`ID`,`FirstName`,`LastName`,`EMail`,`Password`,`IsAdmin`,`IsArtist`,`ArtistID`) VALUES (73,"Laura","Mccormick","risus.Quisque.libero@eratvolutpatNulla.co.uk","CBU43VQT5GF",1,0,73);
INSERT INTO `User` (`ID`,`FirstName`,`LastName`,`EMail`,`Password`,`IsAdmin`,`IsArtist`,`ArtistID`) VALUES (74,"Roary","Coleman","Nulla.facilisis@est.net","UMD08WMN9VY",0,1,74);
INSERT INTO `User` (`ID`,`FirstName`,`LastName`,`EMail`,`Password`,`IsAdmin`,`IsArtist`,`ArtistID`) VALUES (75,"Noel","Lynn","Lorem@sodalesat.net","DNX16PXI7XR",1,0,75);
INSERT INTO `User` (`ID`,`FirstName`,`LastName`,`EMail`,`Password`,`IsAdmin`,`IsArtist`,`ArtistID`) VALUES (76,"Xyla","Espinoza","Curabitur@mi.edu","PNW93DZM4MT",1,1,76);
INSERT INTO `User` (`ID`,`FirstName`,`LastName`,`EMail`,`Password`,`IsAdmin`,`IsArtist`,`ArtistID`) VALUES (77,"Amity","Sanchez","rhoncus.id.mollis@idenimCurabitur.org","VLA38EJN0HW",0,1,77);
INSERT INTO `User` (`ID`,`FirstName`,`LastName`,`EMail`,`Password`,`IsAdmin`,`IsArtist`,`ArtistID`) VALUES (78,"Cedric","May","dictum@luctuslobortisClass.ca","KJM72YQS7VN",0,1,78);
INSERT INTO `User` (`ID`,`FirstName`,`LastName`,`EMail`,`Password`,`IsAdmin`,`IsArtist`,`ArtistID`) VALUES (79,"Josiah","Gilliam","libero@varius.net","WVI85JJF3HJ",0,0,79);
INSERT INTO `User` (`ID`,`FirstName`,`LastName`,`EMail`,`Password`,`IsAdmin`,`IsArtist`,`ArtistID`) VALUES (80,"Regina","Fitzpatrick","enim@diam.net","OQW18JRE6YS",1,0,80);
INSERT INTO `User` (`ID`,`FirstName`,`LastName`,`EMail`,`Password`,`IsAdmin`,`IsArtist`,`ArtistID`) VALUES (81,"Ryder","Phelps","nunc.sed@feugiatnec.ca","SJM93OMY4FJ",0,1,81);
INSERT INTO `User` (`ID`,`FirstName`,`LastName`,`EMail`,`Password`,`IsAdmin`,`IsArtist`,`ArtistID`) VALUES (82,"Zahir","Booker","sem@Nunc.net","XQG46WAL8JM",0,1,82);
INSERT INTO `User` (`ID`,`FirstName`,`LastName`,`EMail`,`Password`,`IsAdmin`,`IsArtist`,`ArtistID`) VALUES (83,"Hasad","Odonnell","sit@Nullatempor.org","TVF31ISP1EZ",0,1,83);
INSERT INTO `User` (`ID`,`FirstName`,`LastName`,`EMail`,`Password`,`IsAdmin`,`IsArtist`,`ArtistID`) VALUES (84,"Inez","Kelley","justo.nec@parturient.ca","IRD78PYY3OE",0,1,84);
INSERT INTO `User` (`ID`,`FirstName`,`LastName`,`EMail`,`Password`,`IsAdmin`,`IsArtist`,`ArtistID`) VALUES (85,"Odette","Morin","porttitor.scelerisque@ornareegestas.co.uk","TFX73ZDN8XK",0,1,85);
INSERT INTO `User` (`ID`,`FirstName`,`LastName`,`EMail`,`Password`,`IsAdmin`,`IsArtist`,`ArtistID`) VALUES (86,"Gary","Parks","neque.sed.dictum@famesac.net","GMA98AXN2ID",0,1,86);
INSERT INTO `User` (`ID`,`FirstName`,`LastName`,`EMail`,`Password`,`IsAdmin`,`IsArtist`,`ArtistID`) VALUES (87,"Germane","Ruiz","penatibus.et.magnis@ullamcorper.net","YKK86ICN8PQ",1,0,87);
INSERT INTO `User` (`ID`,`FirstName`,`LastName`,`EMail`,`Password`,`IsAdmin`,`IsArtist`,`ArtistID`) VALUES (88,"Palmer","Sims","orci.Ut@etrutrum.org","DGI82RJI6HY",1,1,88);
INSERT INTO `User` (`ID`,`FirstName`,`LastName`,`EMail`,`Password`,`IsAdmin`,`IsArtist`,`ArtistID`) VALUES (89,"Ingrid","Reeves","egestas.nunc.sed@nuncIn.com","WLC32ELW9PI",1,1,89);
INSERT INTO `User` (`ID`,`FirstName`,`LastName`,`EMail`,`Password`,`IsAdmin`,`IsArtist`,`ArtistID`) VALUES (90,"Keiko","Norman","non.sollicitudin.a@elitNulla.net","EFK12WCF6RG",1,1,90);
INSERT INTO `User` (`ID`,`FirstName`,`LastName`,`EMail`,`Password`,`IsAdmin`,`IsArtist`,`ArtistID`) VALUES (91,"Amy","Holland","pretium@euismodestarcu.ca","QRQ72KDV7JH",0,0,91);
INSERT INTO `User` (`ID`,`FirstName`,`LastName`,`EMail`,`Password`,`IsAdmin`,`IsArtist`,`ArtistID`) VALUES (92,"Shellie","Mccall","molestie@Pellentesquetincidunt.org","XQV04CMW6NQ",1,1,92);
INSERT INTO `User` (`ID`,`FirstName`,`LastName`,`EMail`,`Password`,`IsAdmin`,`IsArtist`,`ArtistID`) VALUES (93,"Kellie","Bailey","malesuada.Integer.id@Mauris.edu","GJU52ULW0EF",1,1,93);
INSERT INTO `User` (`ID`,`FirstName`,`LastName`,`EMail`,`Password`,`IsAdmin`,`IsArtist`,`ArtistID`) VALUES (94,"Karyn","Gutierrez","imperdiet.non.vestibulum@ultrices.com","BTT63CCG0JG",0,0,94);
INSERT INTO `User` (`ID`,`FirstName`,`LastName`,`EMail`,`Password`,`IsAdmin`,`IsArtist`,`ArtistID`) VALUES (95,"Erasmus","Jarvis","Integer@dolor.edu","TAB54RWE6QR",0,0,95);
INSERT INTO `User` (`ID`,`FirstName`,`LastName`,`EMail`,`Password`,`IsAdmin`,`IsArtist`,`ArtistID`) VALUES (96,"Burke","Stephens","amet@tortor.ca","UCY54KXE4UV",0,1,96);
INSERT INTO `User` (`ID`,`FirstName`,`LastName`,`EMail`,`Password`,`IsAdmin`,`IsArtist`,`ArtistID`) VALUES (97,"Zephr","Harding","Nam@turpis.co.uk","DMY25CEH9ES",1,1,97);
INSERT INTO `User` (`ID`,`FirstName`,`LastName`,`EMail`,`Password`,`IsAdmin`,`IsArtist`,`ArtistID`) VALUES (98,"Melanie","Burnett","Quisque@loremvehiculaet.com","QXA96SNS2PZ",0,0,98);
INSERT INTO `User` (`ID`,`FirstName`,`LastName`,`EMail`,`Password`,`IsAdmin`,`IsArtist`,`ArtistID`) VALUES (99,"Melinda","Donovan","tempor@montesnasceturridiculus.edu","XFQ81GYC9FM",1,0,99);
INSERT INTO `User` (`ID`,`FirstName`,`LastName`,`EMail`,`Password`,`IsAdmin`,`IsArtist`,`ArtistID`) VALUES (100,"Reese","French","ut@molestiesodalesMauris.org","QDQ40PIB4WS",1,1,100);

INSERT INTO `artist` (`ID`,`Name`,`EMail`,`CategoryID`,`CountryCode`) VALUES (1,"Nayda Carson","felis.Nulla@erosNamconsequat.org",1,"LY");
INSERT INTO `artist` (`ID`,`Name`,`EMail`,`CategoryID`,`CountryCode`) VALUES (2,"Clinton Cote","vestibulum@Suspendisse.edu",2,"GZ");
INSERT INTO `artist` (`ID`,`Name`,`EMail`,`CategoryID`,`CountryCode`) VALUES (3,"Carolyn S. Howe","id.erat.Etiam@duiFusce.org",3,"XR");
INSERT INTO `artist` (`ID`,`Name`,`EMail`,`CategoryID`,`CountryCode`) VALUES (4,"Howard A. Jackson","natoque@sit.net",4,"GY");
INSERT INTO `artist` (`ID`,`Name`,`EMail`,`CategoryID`,`CountryCode`) VALUES (5,"Slade Hebert","urna.et.arcu@massaVestibulumaccumsan.net",5,"NO");
INSERT INTO `artist` (`ID`,`Name`,`EMail`,`CategoryID`,`CountryCode`) VALUES (6,"Grant V. Foster","mauris@nonmagnaNam.edu",6,"JD");
INSERT INTO `artist` (`ID`,`Name`,`EMail`,`CategoryID`,`CountryCode`) VALUES (7,"Graiden Yates","dictum@Curabitur.net",7,"VX");
INSERT INTO `artist` (`ID`,`Name`,`EMail`,`CategoryID`,`CountryCode`) VALUES (8,"Zoe I. Carver","consectetuer@id.ca",8,"GD");
INSERT INTO `artist` (`ID`,`Name`,`EMail`,`CategoryID`,`CountryCode`) VALUES (9,"Tara W. Barron","Sed.nunc.est@posuereenim.com",9,"OE");
INSERT INTO `artist` (`ID`,`Name`,`EMail`,`CategoryID`,`CountryCode`) VALUES (10,"Maryam Bauer","nec@Sed.net",10,"KX");
INSERT INTO `artist` (`ID`,`Name`,`EMail`,`CategoryID`,`CountryCode`) VALUES (11,"Daquan B. Padilla","adipiscing.lacus@vitae.ca",11,"XX");
INSERT INTO `artist` (`ID`,`Name`,`EMail`,`CategoryID`,`CountryCode`) VALUES (12,"Erich Emerson","sed@euismodetcommodo.ca",12,"CZ");
INSERT INTO `artist` (`ID`,`Name`,`EMail`,`CategoryID`,`CountryCode`) VALUES (13,"Gary Z. Young","posuere.vulputate@sollicitudinadipiscing.com",13,"KM");
INSERT INTO `artist` (`ID`,`Name`,`EMail`,`CategoryID`,`CountryCode`) VALUES (14,"Lamar Hubbard","turpis@nuncsedlibero.com",14,"EY");
INSERT INTO `artist` (`ID`,`Name`,`EMail`,`CategoryID`,`CountryCode`) VALUES (15,"Karly Vinson","et.commodo.at@dolorFuscemi.edu",15,"IO");
INSERT INTO `artist` (`ID`,`Name`,`EMail`,`CategoryID`,`CountryCode`) VALUES (16,"Gisela Browning","mauris@hendreritnequeIn.co.uk",16,"BO");
INSERT INTO `artist` (`ID`,`Name`,`EMail`,`CategoryID`,`CountryCode`) VALUES (17,"Jonas Frank","Integer@ametultricies.org",17,"YJ");
INSERT INTO `artist` (`ID`,`Name`,`EMail`,`CategoryID`,`CountryCode`) VALUES (18,"Willa Clay","Donec.tincidunt@feugiatplacerat.org",18,"RH");
INSERT INTO `artist` (`ID`,`Name`,`EMail`,`CategoryID`,`CountryCode`) VALUES (19,"Keith George","cursus.Integer.mollis@risusatfringilla.ca",19,"MK");
INSERT INTO `artist` (`ID`,`Name`,`EMail`,`CategoryID`,`CountryCode`) VALUES (20,"Aiko H. Camacho","arcu.Vestibulum@Namconsequat.com",20,"PU");
INSERT INTO `artist` (`ID`,`Name`,`EMail`,`CategoryID`,`CountryCode`) VALUES (21,"Signe Q. Hampton","aptent.taciti.sociosqu@urnaconvallis.com",21,"TY");
INSERT INTO `artist` (`ID`,`Name`,`EMail`,`CategoryID`,`CountryCode`) VALUES (22,"Phelan Mccarthy","arcu.vel@odioauctor.ca",22,"GM");
INSERT INTO `artist` (`ID`,`Name`,`EMail`,`CategoryID`,`CountryCode`) VALUES (23,"Micah Cotton","sit@erosNam.com",23,"UK");
INSERT INTO `artist` (`ID`,`Name`,`EMail`,`CategoryID`,`CountryCode`) VALUES (24,"Ora Chavez","sapien.imperdiet.ornare@Nunc.net",24,"AR");
INSERT INTO `artist` (`ID`,`Name`,`EMail`,`CategoryID`,`CountryCode`) VALUES (25,"Jerome O. Fleming","nunc@nullaIn.com",25,"EW");
INSERT INTO `artist` (`ID`,`Name`,`EMail`,`CategoryID`,`CountryCode`) VALUES (26,"Forrest Mcintosh","pharetra.Nam.ac@velarcueu.ca",26,"TK");
INSERT INTO `artist` (`ID`,`Name`,`EMail`,`CategoryID`,`CountryCode`) VALUES (27,"Armando J. Dale","enim.non.nisi@euelitNulla.co.uk",27,"FI");
INSERT INTO `artist` (`ID`,`Name`,`EMail`,`CategoryID`,`CountryCode`) VALUES (28,"Herrod Z. Richard","nulla@commodo.com",28,"QH");
INSERT INTO `artist` (`ID`,`Name`,`EMail`,`CategoryID`,`CountryCode`) VALUES (29,"Shelby O. Hopper","lectus.Cum.sociis@molestieintempus.org",29,"VB");
INSERT INTO `artist` (`ID`,`Name`,`EMail`,`CategoryID`,`CountryCode`) VALUES (30,"Nissim Kramer","ut.nisi@hendrerit.com",30,"DJ");
INSERT INTO `artist` (`ID`,`Name`,`EMail`,`CategoryID`,`CountryCode`) VALUES (31,"Shelby Holman","Fusce.dolor@ultricessitamet.edu",31,"GU");
INSERT INTO `artist` (`ID`,`Name`,`EMail`,`CategoryID`,`CountryCode`) VALUES (32,"Hop Logan","porttitor.eros@In.ca",32,"YV");
INSERT INTO `artist` (`ID`,`Name`,`EMail`,`CategoryID`,`CountryCode`) VALUES (33,"Vaughan A. Shepherd","eu.tellus.Phasellus@felisorciadipiscing.com",33,"YZ");
INSERT INTO `artist` (`ID`,`Name`,`EMail`,`CategoryID`,`CountryCode`) VALUES (34,"Abraham H. Justice","et.magnis.dis@InfaucibusMorbi.com",34,"ON");
INSERT INTO `artist` (`ID`,`Name`,`EMail`,`CategoryID`,`CountryCode`) VALUES (35,"Shelley S. Carey","elit.Etiam.laoreet@odio.co.uk",35,"ZH");
INSERT INTO `artist` (`ID`,`Name`,`EMail`,`CategoryID`,`CountryCode`) VALUES (36,"Hiram K. Livingston","vehicula.Pellentesque@elitCurabitursed.ca",36,"JK");
INSERT INTO `artist` (`ID`,`Name`,`EMail`,`CategoryID`,`CountryCode`) VALUES (37,"Nora Dunn","elit@vestibulum.edu",37,"BN");
INSERT INTO `artist` (`ID`,`Name`,`EMail`,`CategoryID`,`CountryCode`) VALUES (38,"Destiny U. Good","neque.tellus@enim.co.uk",38,"RZ");
INSERT INTO `artist` (`ID`,`Name`,`EMail`,`CategoryID`,`CountryCode`) VALUES (39,"Ocean Stafford","Fusce.mi.lorem@eget.com",39,"YE");
INSERT INTO `artist` (`ID`,`Name`,`EMail`,`CategoryID`,`CountryCode`) VALUES (40,"Odysseus Q. Hanson","ante@tellus.org",40,"ZG");
INSERT INTO `artist` (`ID`,`Name`,`EMail`,`CategoryID`,`CountryCode`) VALUES (41,"Isabelle Hewitt","ipsum.dolor@magnaCrasconvallis.org",41,"QM");
INSERT INTO `artist` (`ID`,`Name`,`EMail`,`CategoryID`,`CountryCode`) VALUES (42,"Margaret Slater","odio.Aliquam.vulputate@nunc.net",42,"FO");
INSERT INTO `artist` (`ID`,`Name`,`EMail`,`CategoryID`,`CountryCode`) VALUES (43,"Azalia J. Brady","interdum@congueelitsed.ca",43,"HR");
INSERT INTO `artist` (`ID`,`Name`,`EMail`,`CategoryID`,`CountryCode`) VALUES (44,"Ivana Santana","velit.Sed@ac.com",44,"MF");
INSERT INTO `artist` (`ID`,`Name`,`EMail`,`CategoryID`,`CountryCode`) VALUES (45,"Regan M. Heath","quis.pede.Praesent@sodalespurus.net",45,"PE");
INSERT INTO `artist` (`ID`,`Name`,`EMail`,`CategoryID`,`CountryCode`) VALUES (46,"Laurel Lee","aliquam.arcu.Aliquam@risusat.ca",46,"ZC");
INSERT INTO `artist` (`ID`,`Name`,`EMail`,`CategoryID`,`CountryCode`) VALUES (47,"Sydney Cotton","gravida.Praesent.eu@odioauctorvitae.net",47,"SZ");
INSERT INTO `artist` (`ID`,`Name`,`EMail`,`CategoryID`,`CountryCode`) VALUES (48,"Nell P. Grimes","sed.tortor@eueros.edu",48,"LN");
INSERT INTO `artist` (`ID`,`Name`,`EMail`,`CategoryID`,`CountryCode`) VALUES (49,"Gretchen R. Huffman","orci@ullamcorpermagnaSed.co.uk",49,"TI");
INSERT INTO `artist` (`ID`,`Name`,`EMail`,`CategoryID`,`CountryCode`) VALUES (50,"Latifah M. Morgan","nibh.Quisque@lacusQuisque.net",50,"NT");
INSERT INTO `artist` (`ID`,`Name`,`EMail`,`CategoryID`,`CountryCode`) VALUES (51,"Sasha V. Park","odio@lectus.co.uk",51,"RM");
INSERT INTO `artist` (`ID`,`Name`,`EMail`,`CategoryID`,`CountryCode`) VALUES (52,"Acton Y. Cummings","quis.turpis@consectetuer.ca",52,"ZN");
INSERT INTO `artist` (`ID`,`Name`,`EMail`,`CategoryID`,`CountryCode`) VALUES (53,"Lois Gates","non.magna.Nam@nequevenenatis.org",53,"YC");
INSERT INTO `artist` (`ID`,`Name`,`EMail`,`CategoryID`,`CountryCode`) VALUES (54,"Griffith Matthews","facilisis.vitae@enimcommodo.org",54,"TD");
INSERT INTO `artist` (`ID`,`Name`,`EMail`,`CategoryID`,`CountryCode`) VALUES (55,"Salvador F. Nelson","leo.in@suscipit.net",55,"OU");
INSERT INTO `artist` (`ID`,`Name`,`EMail`,`CategoryID`,`CountryCode`) VALUES (56,"Owen P. Sutton","sem@nonduinec.org",56,"ZC");
INSERT INTO `artist` (`ID`,`Name`,`EMail`,`CategoryID`,`CountryCode`) VALUES (57,"Xenos Carson","lorem@lacusQuisqueimperdiet.net",57,"XM");
INSERT INTO `artist` (`ID`,`Name`,`EMail`,`CategoryID`,`CountryCode`) VALUES (58,"Quentin D. Knox","pulvinar@amagna.co.uk",58,"ON");
INSERT INTO `artist` (`ID`,`Name`,`EMail`,`CategoryID`,`CountryCode`) VALUES (59,"Quintessa Pearson","adipiscing@nibhQuisquenonummy.org",59,"LM");
INSERT INTO `artist` (`ID`,`Name`,`EMail`,`CategoryID`,`CountryCode`) VALUES (60,"Tucker K. Guerra","tristique.ac.eleifend@nec.net",60,"CZ");
INSERT INTO `artist` (`ID`,`Name`,`EMail`,`CategoryID`,`CountryCode`) VALUES (61,"Gwendolyn Larson","molestie.tellus@justoPraesentluctus.net",61,"ER");
INSERT INTO `artist` (`ID`,`Name`,`EMail`,`CategoryID`,`CountryCode`) VALUES (62,"Carol E. Fuller","inceptos.hymenaeos@lobortis.net",62,"ZP");
INSERT INTO `artist` (`ID`,`Name`,`EMail`,`CategoryID`,`CountryCode`) VALUES (63,"Shannon E. Mueller","magna.Duis.dignissim@malesuadafringillaest.net",63,"MG");
INSERT INTO `artist` (`ID`,`Name`,`EMail`,`CategoryID`,`CountryCode`) VALUES (64,"Deirdre H. Navarro","enim@amet.net",64,"UR");
INSERT INTO `artist` (`ID`,`Name`,`EMail`,`CategoryID`,`CountryCode`) VALUES (65,"Malik X. Harris","in@Cras.ca",65,"RB");
INSERT INTO `artist` (`ID`,`Name`,`EMail`,`CategoryID`,`CountryCode`) VALUES (66,"Cade X. Patton","magna.malesuada@mauris.org",66,"JS");
INSERT INTO `artist` (`ID`,`Name`,`EMail`,`CategoryID`,`CountryCode`) VALUES (67,"Tyler Bonner","Nunc.mauris.Morbi@idmollis.org",67,"AG");
INSERT INTO `artist` (`ID`,`Name`,`EMail`,`CategoryID`,`CountryCode`) VALUES (68,"Olivia S. Rogers","ornare@neque.net",68,"SF");
INSERT INTO `artist` (`ID`,`Name`,`EMail`,`CategoryID`,`CountryCode`) VALUES (69,"Joshua Lynn","feugiat.metus.sit@luctuslobortisClass.com",69,"NL");
INSERT INTO `artist` (`ID`,`Name`,`EMail`,`CategoryID`,`CountryCode`) VALUES (70,"Amaya R. Santiago","dui.augue@velitAliquam.com",70,"EE");
INSERT INTO `artist` (`ID`,`Name`,`EMail`,`CategoryID`,`CountryCode`) VALUES (71,"Joseph Mcdaniel","tortor.at@Quisque.ca",71,"AY");
INSERT INTO `artist` (`ID`,`Name`,`EMail`,`CategoryID`,`CountryCode`) VALUES (72,"Rebekah Gibbs","nulla@eratvelpede.co.uk",72,"VQ");
INSERT INTO `artist` (`ID`,`Name`,`EMail`,`CategoryID`,`CountryCode`) VALUES (73,"Dieter Monroe","Cras.dictum@nonluctus.edu",73,"MJ");
INSERT INTO `artist` (`ID`,`Name`,`EMail`,`CategoryID`,`CountryCode`) VALUES (74,"Madonna V. Calderon","libero.Morbi.accumsan@utquamvel.com",74,"JX");
INSERT INTO `artist` (`ID`,`Name`,`EMail`,`CategoryID`,`CountryCode`) VALUES (75,"Wendy B. Smith","quam@idblanditat.com",75,"AB");
INSERT INTO `artist` (`ID`,`Name`,`EMail`,`CategoryID`,`CountryCode`) VALUES (76,"Veda White","Suspendisse.aliquet@nonmagnaNam.net",76,"VL");
INSERT INTO `artist` (`ID`,`Name`,`EMail`,`CategoryID`,`CountryCode`) VALUES (77,"Teagan Stout","ornare.libero.at@lacusUt.edu",77,"GQ");
INSERT INTO `artist` (`ID`,`Name`,`EMail`,`CategoryID`,`CountryCode`) VALUES (78,"Edan Reilly","enim.non@pedeet.net",78,"GF");
INSERT INTO `artist` (`ID`,`Name`,`EMail`,`CategoryID`,`CountryCode`) VALUES (79,"Alma Cain","semper@sapien.ca",79,"HY");
INSERT INTO `artist` (`ID`,`Name`,`EMail`,`CategoryID`,`CountryCode`) VALUES (80,"Cairo J. Reed","Duis.cursus@luctus.org",80,"LR");
INSERT INTO `artist` (`ID`,`Name`,`EMail`,`CategoryID`,`CountryCode`) VALUES (81,"Arthur Dejesus","Aliquam.fringilla@Maurismolestiepharetra.ca",81,"UR");
INSERT INTO `artist` (`ID`,`Name`,`EMail`,`CategoryID`,`CountryCode`) VALUES (82,"Keegan P. Figueroa","eu.lacus@lorem.com",82,"JZ");
INSERT INTO `artist` (`ID`,`Name`,`EMail`,`CategoryID`,`CountryCode`) VALUES (83,"Josephine A. Christensen","et.magnis@interdum.net",83,"ST");
INSERT INTO `artist` (`ID`,`Name`,`EMail`,`CategoryID`,`CountryCode`) VALUES (84,"Simone Riggs","tempor.erat@fringilla.co.uk",84,"AI");
INSERT INTO `artist` (`ID`,`Name`,`EMail`,`CategoryID`,`CountryCode`) VALUES (85,"Thomas J. Wynn","amet.lorem.semper@Naminterdumenim.ca",85,"KZ");
INSERT INTO `artist` (`ID`,`Name`,`EMail`,`CategoryID`,`CountryCode`) VALUES (86,"Hashim R. Frederick","turpis.nec@mauris.com",86,"FQ");
INSERT INTO `artist` (`ID`,`Name`,`EMail`,`CategoryID`,`CountryCode`) VALUES (87,"Kirestin Shelton","a.ultricies.adipiscing@pedesagittis.com",87,"HO");
INSERT INTO `artist` (`ID`,`Name`,`EMail`,`CategoryID`,`CountryCode`) VALUES (88,"Lavinia Quinn","Sed@diamdictumsapien.com",88,"SC");
INSERT INTO `artist` (`ID`,`Name`,`EMail`,`CategoryID`,`CountryCode`) VALUES (89,"Lara Key","magna.sed.dui@arcuMorbisit.org",89,"RW");
INSERT INTO `artist` (`ID`,`Name`,`EMail`,`CategoryID`,`CountryCode`) VALUES (90,"Moana Vaughn","eget.volutpat@etnetus.net",90,"LY");
INSERT INTO `artist` (`ID`,`Name`,`EMail`,`CategoryID`,`CountryCode`) VALUES (91,"Yen X. Hartman","primis.in@Maurismagna.net",91,"RV");
INSERT INTO `artist` (`ID`,`Name`,`EMail`,`CategoryID`,`CountryCode`) VALUES (92,"Keely K. Porter","lectus.rutrum@adipiscingelitEtiam.co.uk",92,"UY");
INSERT INTO `artist` (`ID`,`Name`,`EMail`,`CategoryID`,`CountryCode`) VALUES (93,"Hedley A. Trujillo","sociis.natoque.penatibus@sit.ca",93,"WX");
INSERT INTO `artist` (`ID`,`Name`,`EMail`,`CategoryID`,`CountryCode`) VALUES (94,"Ora F. Sweet","neque@dictumProin.co.uk",94,"PX");
INSERT INTO `artist` (`ID`,`Name`,`EMail`,`CategoryID`,`CountryCode`) VALUES (95,"Kiayada Newman","montes@euismodurna.org",95,"LU");
INSERT INTO `artist` (`ID`,`Name`,`EMail`,`CategoryID`,`CountryCode`) VALUES (96,"Herman Pena","tincidunt.dui.augue@antebibendum.net",96,"XK");
INSERT INTO `artist` (`ID`,`Name`,`EMail`,`CategoryID`,`CountryCode`) VALUES (97,"Kelly Kelley","in.lobortis@purus.net",97,"TD");
INSERT INTO `artist` (`ID`,`Name`,`EMail`,`CategoryID`,`CountryCode`) VALUES (98,"Elliott Simpson","sit.amet@eunullaat.ca",98,"MD");
INSERT INTO `artist` (`ID`,`Name`,`EMail`,`CategoryID`,`CountryCode`) VALUES (99,"Alec Walter","vel.quam.dignissim@dolorFuscemi.org",99,"XX");
INSERT INTO `artist` (`ID`,`Name`,`EMail`,`CategoryID`,`CountryCode`) VALUES (100,"Eugenia E. Green","et.eros@eunullaat.net",100,"QD");

INSERT INTO `country` (`Code`,`Name`) VALUES ("SI","VPHDBQUF");
INSERT INTO `country` (`Code`,`Name`) VALUES ("QK","IVHMZUWH");
INSERT INTO `country` (`Code`,`Name`) VALUES ("CZ","FMLDZYCE");
INSERT INTO `country` (`Code`,`Name`) VALUES ("NO","IYVPTMUN");
INSERT INTO `country` (`Code`,`Name`) VALUES ("SO","FGTJWHXF");
INSERT INTO `country` (`Code`,`Name`) VALUES ("UV","FVSAGQHW");
INSERT INTO `country` (`Code`,`Name`) VALUES ("XW","CLHVJABN");
INSERT INTO `country` (`Code`,`Name`) VALUES ("NM","UKQJIGIL");
INSERT INTO `country` (`Code`,`Name`) VALUES ("OT","QZCUKIQY");
INSERT INTO `country` (`Code`,`Name`) VALUES ("WN","PHDYEAMD");
INSERT INTO `country` (`Code`,`Name`) VALUES ("ZF","SMACONSQ");
INSERT INTO `country` (`Code`,`Name`) VALUES ("CQ","ZBXMTBRM");
INSERT INTO `country` (`Code`,`Name`) VALUES ("QV","EBQCRTNO");
INSERT INTO `country` (`Code`,`Name`) VALUES ("OP","DIAMVQSN");
INSERT INTO `country` (`Code`,`Name`) VALUES ("FQ","AKUYQPQF");
INSERT INTO `country` (`Code`,`Name`) VALUES ("DN","ZDSNRKSM");
INSERT INTO `country` (`Code`,`Name`) VALUES ("DS","OMXCCZNB");
INSERT INTO `country` (`Code`,`Name`) VALUES ("FI","MOMKJDII");
INSERT INTO `country` (`Code`,`Name`) VALUES ("WZ","UZBYWFGF");
INSERT INTO `country` (`Code`,`Name`) VALUES ("QL","ZQCBBNKR");
INSERT INTO `country` (`Code`,`Name`) VALUES ("HM","DWWVRUTZ");
INSERT INTO `country` (`Code`,`Name`) VALUES ("SY","JGWTYIJY");
INSERT INTO `country` (`Code`,`Name`) VALUES ("HX","DPOYLDPV");
INSERT INTO `country` (`Code`,`Name`) VALUES ("GD","YPCYWSJO");
INSERT INTO `country` (`Code`,`Name`) VALUES ("FR","OWBPIPGL");
INSERT INTO `country` (`Code`,`Name`) VALUES ("HF","EVCMOWDS");
INSERT INTO `country` (`Code`,`Name`) VALUES ("AE","ALVJUXNZ");
INSERT INTO `country` (`Code`,`Name`) VALUES ("AC","SNPJPRSV");
INSERT INTO `country` (`Code`,`Name`) VALUES ("FC","KIUVYHXE");
INSERT INTO `country` (`Code`,`Name`) VALUES ("OK","NMQSZPBH");
INSERT INTO `country` (`Code`,`Name`) VALUES ("HB","IRNEEZNU");
INSERT INTO `country` (`Code`,`Name`) VALUES ("IO","MHHUZNKM");
INSERT INTO `country` (`Code`,`Name`) VALUES ("QZ","WKDTBZMY");
INSERT INTO `country` (`Code`,`Name`) VALUES ("KI","NHAQAYZZ");
INSERT INTO `country` (`Code`,`Name`) VALUES ("XR","NTTCDRKX");
INSERT INTO `country` (`Code`,`Name`) VALUES ("MQ","FXURWIIL");
INSERT INTO `country` (`Code`,`Name`) VALUES ("ZH","WHUKDHRF");
INSERT INTO `country` (`Code`,`Name`) VALUES ("VC","CJCUABKK");
INSERT INTO `country` (`Code`,`Name`) VALUES ("QP","QXRKGESU");
INSERT INTO `country` (`Code`,`Name`) VALUES ("ZY","WFSOCYZX");
INSERT INTO `country` (`Code`,`Name`) VALUES ("MB","UWBKMGTM");
INSERT INTO `country` (`Code`,`Name`) VALUES ("PH","VKMYWMNS");
INSERT INTO `country` (`Code`,`Name`) VALUES ("AS","SYAGZWMY");
INSERT INTO `country` (`Code`,`Name`) VALUES ("MP","DKCHIHIR");
INSERT INTO `country` (`Code`,`Name`) VALUES ("WK","ZWLPZZEX");
INSERT INTO `country` (`Code`,`Name`) VALUES ("PW","ZLNINSLK");
INSERT INTO `country` (`Code`,`Name`) VALUES ("EU","NJAFUWSO");
INSERT INTO `country` (`Code`,`Name`) VALUES ("MG","ATJDDAEB");
INSERT INTO `country` (`Code`,`Name`) VALUES ("IY","PRRLXYTG");
INSERT INTO `country` (`Code`,`Name`) VALUES ("AR","DIFOJHJI");
INSERT INTO `country` (`Code`,`Name`) VALUES ("EP","LYHNPWIX");
INSERT INTO `country` (`Code`,`Name`) VALUES ("WM","EKATCAGR");
INSERT INTO `country` (`Code`,`Name`) VALUES ("SS","VTRKVZNK");
INSERT INTO `country` (`Code`,`Name`) VALUES ("MS","XKVVABVL");
INSERT INTO `country` (`Code`,`Name`) VALUES ("NZ","ZZNBTIPP");
INSERT INTO `country` (`Code`,`Name`) VALUES ("WT","DXWVIYSU");
INSERT INTO `country` (`Code`,`Name`) VALUES ("WU","HQLAPCLA");
INSERT INTO `country` (`Code`,`Name`) VALUES ("FN","QYTMBUGV");
INSERT INTO `country` (`Code`,`Name`) VALUES ("LY","MCSCKPCN");
INSERT INTO `country` (`Code`,`Name`) VALUES ("TI","MESJZNCB");
INSERT INTO `country` (`Code`,`Name`) VALUES ("NP","FXNRPYTX");
INSERT INTO `country` (`Code`,`Name`) VALUES ("SD","QJFXCOKN");
INSERT INTO `country` (`Code`,`Name`) VALUES ("OE","NYBWSGFL");
INSERT INTO `country` (`Code`,`Name`) VALUES ("GY","CUYGDFVN");
INSERT INTO `country` (`Code`,`Name`) VALUES ("AA","HTNJLAUM");
INSERT INTO `country` (`Code`,`Name`) VALUES ("TT","VEBLZIFC");
INSERT INTO `country` (`Code`,`Name`) VALUES ("PT","PEZOWNNF");
INSERT INTO `country` (`Code`,`Name`) VALUES ("PL","HWBOGINA");
INSERT INTO `country` (`Code`,`Name`) VALUES ("HJ","ZORUWXQI");
INSERT INTO `country` (`Code`,`Name`) VALUES ("PO","WTPOFQTU");
INSERT INTO `country` (`Code`,`Name`) VALUES ("AJ","RLVONGAB");
INSERT INTO `country` (`Code`,`Name`) VALUES ("SU","SOEKZBDY");
INSERT INTO `country` (`Code`,`Name`) VALUES ("RU","ZVHMEYJV");
INSERT INTO `country` (`Code`,`Name`) VALUES ("AW","HYPJWGJZ");
INSERT INTO `country` (`Code`,`Name`) VALUES ("NQ","JHCSGTSA");
INSERT INTO `country` (`Code`,`Name`) VALUES ("SK","LRQXQPMK");
INSERT INTO `country` (`Code`,`Name`) VALUES ("DW","EXNHMRWE");
INSERT INTO `country` (`Code`,`Name`) VALUES ("QU","ELQTJVWJ");
INSERT INTO `country` (`Code`,`Name`) VALUES ("NA","EVPGHFWR");
INSERT INTO `country` (`Code`,`Name`) VALUES ("EL","GYUCAZHQ");
INSERT INTO `country` (`Code`,`Name`) VALUES ("JU","DUBQAWJT");
INSERT INTO `country` (`Code`,`Name`) VALUES ("MR","XXFLJRZJ");
INSERT INTO `country` (`Code`,`Name`) VALUES ("XZ","LMUQORHS");
INSERT INTO `country` (`Code`,`Name`) VALUES ("IX","OXIBMSNG");
INSERT INTO `country` (`Code`,`Name`) VALUES ("UN","IMLDTWRR");
INSERT INTO `country` (`Code`,`Name`) VALUES ("BB","CELJNPTQ");
INSERT INTO `country` (`Code`,`Name`) VALUES ("BV","QUJBFTHE");
INSERT INTO `country` (`Code`,`Name`) VALUES ("LN","XJMGUOEW");
INSERT INTO `country` (`Code`,`Name`) VALUES ("UT","UNICLLUY");
INSERT INTO `country` (`Code`,`Name`) VALUES ("DB","EGPAVAPM");
INSERT INTO `country` (`Code`,`Name`) VALUES ("BR","ZCUNTDQI");
INSERT INTO `country` (`Code`,`Name`) VALUES ("RS","MHYLWPGU");
INSERT INTO `country` (`Code`,`Name`) VALUES ("UB","LZEOHPFQ");
INSERT INTO `country` (`Code`,`Name`) VALUES ("YP","EFYGSNQN");
INSERT INTO `country` (`Code`,`Name`) VALUES ("LZ","LICEMLHN");
INSERT INTO `country` (`Code`,`Name`) VALUES ("UZ","AFCBCJGM");
INSERT INTO `country` (`Code`,`Name`) VALUES ("KM","DYHXBMAI");
INSERT INTO `country` (`Code`,`Name`) VALUES ("WA","IQYJFTFP");
INSERT INTO `country` (`Code`,`Name`) VALUES ("LD","UGAMUTLX");
INSERT INTO `country` (`Code`,`Name`) VALUES ("BC","OBMRWBNH");

INSERT INTO `category` (`ID`,`Name`) VALUES (1,"BGVDKVAC");
INSERT INTO `category` (`ID`,`Name`) VALUES (2,"BLQWJFXR");
INSERT INTO `category` (`ID`,`Name`) VALUES (3,"ELIBIHWJ");
INSERT INTO `category` (`ID`,`Name`) VALUES (4,"BHTAEKQZ");
INSERT INTO `category` (`ID`,`Name`) VALUES (5,"ZWHDPAWO");
INSERT INTO `category` (`ID`,`Name`) VALUES (6,"JLCPAAIF");
INSERT INTO `category` (`ID`,`Name`) VALUES (7,"CBNEGXCE");
INSERT INTO `category` (`ID`,`Name`) VALUES (8,"CAIQWLBL");
INSERT INTO `category` (`ID`,`Name`) VALUES (9,"KLHSZFBI");
INSERT INTO `category` (`ID`,`Name`) VALUES (10,"XNROLPCV");
INSERT INTO `category` (`ID`,`Name`) VALUES (11,"BFFBZHZA");
INSERT INTO `category` (`ID`,`Name`) VALUES (12,"TWRLBQMM");
INSERT INTO `category` (`ID`,`Name`) VALUES (13,"OLPVLQWL");
INSERT INTO `category` (`ID`,`Name`) VALUES (14,"OMEOKECR");
INSERT INTO `category` (`ID`,`Name`) VALUES (15,"WUORAEXZ");
INSERT INTO `category` (`ID`,`Name`) VALUES (16,"PIEATNBT");
INSERT INTO `category` (`ID`,`Name`) VALUES (17,"CUJZIFRN");
INSERT INTO `category` (`ID`,`Name`) VALUES (18,"SGGGQDPN");
INSERT INTO `category` (`ID`,`Name`) VALUES (19,"IRPCBTRD");
INSERT INTO `category` (`ID`,`Name`) VALUES (20,"CXIOAKHD");
INSERT INTO `category` (`ID`,`Name`) VALUES (21,"MPKDZWOV");
INSERT INTO `category` (`ID`,`Name`) VALUES (22,"OJHQPORR");
INSERT INTO `category` (`ID`,`Name`) VALUES (23,"YQPUCOGA");
INSERT INTO `category` (`ID`,`Name`) VALUES (24,"SSLLWMKS");
INSERT INTO `category` (`ID`,`Name`) VALUES (25,"WUVIHJPF");
INSERT INTO `category` (`ID`,`Name`) VALUES (26,"ZLRAQAKC");
INSERT INTO `category` (`ID`,`Name`) VALUES (27,"PJXVGHXH");
INSERT INTO `category` (`ID`,`Name`) VALUES (28,"ZHFCCEAO");
INSERT INTO `category` (`ID`,`Name`) VALUES (29,"RKMSEEKK");
INSERT INTO `category` (`ID`,`Name`) VALUES (30,"PRBZHHOI");
INSERT INTO `category` (`ID`,`Name`) VALUES (31,"MOKPGJSH");
INSERT INTO `category` (`ID`,`Name`) VALUES (32,"JARBTAWP");
INSERT INTO `category` (`ID`,`Name`) VALUES (33,"IBJHRRWF");
INSERT INTO `category` (`ID`,`Name`) VALUES (34,"FUHKIMCR");
INSERT INTO `category` (`ID`,`Name`) VALUES (35,"TKWWVRVJ");
INSERT INTO `category` (`ID`,`Name`) VALUES (36,"QPJRJTHQ");
INSERT INTO `category` (`ID`,`Name`) VALUES (37,"JHCWSVNP");
INSERT INTO `category` (`ID`,`Name`) VALUES (38,"XMJFJWPK");
INSERT INTO `category` (`ID`,`Name`) VALUES (39,"DTGIFTAQ");
INSERT INTO `category` (`ID`,`Name`) VALUES (40,"PPFNEUVC");
INSERT INTO `category` (`ID`,`Name`) VALUES (41,"NJIDPACE");
INSERT INTO `category` (`ID`,`Name`) VALUES (42,"QEOXNOIV");
INSERT INTO `category` (`ID`,`Name`) VALUES (43,"LMJOBOBW");
INSERT INTO `category` (`ID`,`Name`) VALUES (44,"QUYHGHLJ");
INSERT INTO `category` (`ID`,`Name`) VALUES (45,"GGATTEGH");
INSERT INTO `category` (`ID`,`Name`) VALUES (46,"DCFGJHMY");
INSERT INTO `category` (`ID`,`Name`) VALUES (47,"DWXDKTCA");
INSERT INTO `category` (`ID`,`Name`) VALUES (48,"MPMYTLOR");
INSERT INTO `category` (`ID`,`Name`) VALUES (49,"OMBGFRXR");
INSERT INTO `category` (`ID`,`Name`) VALUES (50,"NTASZSRT");
INSERT INTO `category` (`ID`,`Name`) VALUES (51,"KTXOVONA");
INSERT INTO `category` (`ID`,`Name`) VALUES (52,"GXJNHSEI");
INSERT INTO `category` (`ID`,`Name`) VALUES (53,"PDSYILPM");
INSERT INTO `category` (`ID`,`Name`) VALUES (54,"SWBIYCGE");
INSERT INTO `category` (`ID`,`Name`) VALUES (55,"JGTIJJWS");
INSERT INTO `category` (`ID`,`Name`) VALUES (56,"KUQXFLTL");
INSERT INTO `category` (`ID`,`Name`) VALUES (57,"VYLCXQDM");
INSERT INTO `category` (`ID`,`Name`) VALUES (58,"OFVKKMZS");
INSERT INTO `category` (`ID`,`Name`) VALUES (59,"TDXLDOCA");
INSERT INTO `category` (`ID`,`Name`) VALUES (60,"FOANDQMG");
INSERT INTO `category` (`ID`,`Name`) VALUES (61,"AMVHFOEH");
INSERT INTO `category` (`ID`,`Name`) VALUES (62,"GVZOCZDZ");
INSERT INTO `category` (`ID`,`Name`) VALUES (63,"ILKFSKGQ");
INSERT INTO `category` (`ID`,`Name`) VALUES (64,"SSBOMDXI");
INSERT INTO `category` (`ID`,`Name`) VALUES (65,"STTBLGOY");
INSERT INTO `category` (`ID`,`Name`) VALUES (66,"CDQIACEB");
INSERT INTO `category` (`ID`,`Name`) VALUES (67,"ITDXYEWC");
INSERT INTO `category` (`ID`,`Name`) VALUES (68,"LFXERLOF");
INSERT INTO `category` (`ID`,`Name`) VALUES (69,"KXPTBEHX");
INSERT INTO `category` (`ID`,`Name`) VALUES (70,"VPFMJTXW");
INSERT INTO `category` (`ID`,`Name`) VALUES (71,"CRCBLCYT");
INSERT INTO `category` (`ID`,`Name`) VALUES (72,"QUZRWWQF");
INSERT INTO `category` (`ID`,`Name`) VALUES (73,"ULDKUTTU");
INSERT INTO `category` (`ID`,`Name`) VALUES (74,"RAGASHPJ");
INSERT INTO `category` (`ID`,`Name`) VALUES (75,"DZNFGQKW");
INSERT INTO `category` (`ID`,`Name`) VALUES (76,"RLKLMJOB");
INSERT INTO `category` (`ID`,`Name`) VALUES (77,"RZXWOVBF");
INSERT INTO `category` (`ID`,`Name`) VALUES (78,"QYDEAJIC");
INSERT INTO `category` (`ID`,`Name`) VALUES (79,"ATVVXBGZ");
INSERT INTO `category` (`ID`,`Name`) VALUES (80,"BEMSRLDN");
INSERT INTO `category` (`ID`,`Name`) VALUES (81,"WAEJDPAH");
INSERT INTO `category` (`ID`,`Name`) VALUES (82,"DYTDRMES");
INSERT INTO `category` (`ID`,`Name`) VALUES (83,"CEHLQYQR");
INSERT INTO `category` (`ID`,`Name`) VALUES (84,"XLENEVQW");
INSERT INTO `category` (`ID`,`Name`) VALUES (85,"YEJLVKRX");
INSERT INTO `category` (`ID`,`Name`) VALUES (86,"KJLISAQV");
INSERT INTO `category` (`ID`,`Name`) VALUES (87,"DBPXVQAI");
INSERT INTO `category` (`ID`,`Name`) VALUES (88,"DHKWIOEK");
INSERT INTO `category` (`ID`,`Name`) VALUES (89,"MGJNPLMA");
INSERT INTO `category` (`ID`,`Name`) VALUES (90,"MROKRKIR");
INSERT INTO `category` (`ID`,`Name`) VALUES (91,"UGTQOJQQ");
INSERT INTO `category` (`ID`,`Name`) VALUES (92,"UWDPIQLT");
INSERT INTO `category` (`ID`,`Name`) VALUES (93,"DAUOBMVZ");
INSERT INTO `category` (`ID`,`Name`) VALUES (94,"CAWYFWNN");
INSERT INTO `category` (`ID`,`Name`) VALUES (95,"SRWGMXWG");
INSERT INTO `category` (`ID`,`Name`) VALUES (96,"EXGJUMHB");
INSERT INTO `category` (`ID`,`Name`) VALUES (97,"JEBPQKTZ");
INSERT INTO `category` (`ID`,`Name`) VALUES (98,"GEFHWSYY");
INSERT INTO `category` (`ID`,`Name`) VALUES (99,"KKNJQVDH");
INSERT INTO `category` (`ID`,`Name`) VALUES (100,"TZOGLQRP");

INSERT INTO `venue` (`Lon`,`Lat`,`SpotID`,`Name`,`Street`) VALUES ("-3.04018","-71.00411","HT","NNDQSWCV","NEKTNBRA 31");
INSERT INTO `venue` (`Lon`,`Lat`,`SpotID`,`Name`,`Street`) VALUES ("-168.8008","-20.81174","LA","WYHKPIEQ","PIWVORAK 93");
INSERT INTO `venue` (`Lon`,`Lat`,`SpotID`,`Name`,`Street`) VALUES ("169.53775","16.17694","IK","XNLDRITK","PGVOPMPY 48");
INSERT INTO `venue` (`Lon`,`Lat`,`SpotID`,`Name`,`Street`) VALUES ("-135.37034","-46.23924","XS","XHKVZWFD","ACNUNDKK 01");
INSERT INTO `venue` (`Lon`,`Lat`,`SpotID`,`Name`,`Street`) VALUES ("-62.94139","-60.4009","XP","YHOGEZXP","PFCVMCAQ 53");
INSERT INTO `venue` (`Lon`,`Lat`,`SpotID`,`Name`,`Street`) VALUES ("-127.42978","-8.95289","AW","ZCMRYZLA","PEOUSFXT 83");
INSERT INTO `venue` (`Lon`,`Lat`,`SpotID`,`Name`,`Street`) VALUES ("44.65936","85.70329","SD","DWLAXHWR","LPXCDHHC 98");
INSERT INTO `venue` (`Lon`,`Lat`,`SpotID`,`Name`,`Street`) VALUES ("-88.63428","47.91275","NJ","CGUZLHLP","CQRUAAPU 16");
INSERT INTO `venue` (`Lon`,`Lat`,`SpotID`,`Name`,`Street`) VALUES ("115.65219","29.10237","QQ","HKIAAVGM","QCRFQGZH 84");
INSERT INTO `venue` (`Lon`,`Lat`,`SpotID`,`Name`,`Street`) VALUES ("-92.17611","10.58911","NY","MWMFRULN","KUBHLDUF 55");
INSERT INTO `venue` (`Lon`,`Lat`,`SpotID`,`Name`,`Street`) VALUES ("-3.26427","20.8685","KW","LDGQOLWE","CHOFPMRE 05");
INSERT INTO `venue` (`Lon`,`Lat`,`SpotID`,`Name`,`Street`) VALUES ("-30.53328","-28.85662","YF","KZCKVSHQ","GJKWTCYX 20");
INSERT INTO `venue` (`Lon`,`Lat`,`SpotID`,`Name`,`Street`) VALUES ("7.90921","-9.85783","FL","VNSASGPN","DTVOPPXI 49");
INSERT INTO `venue` (`Lon`,`Lat`,`SpotID`,`Name`,`Street`) VALUES ("132.74642","-34.70189","TP","LGHUXHGB","MKGFCWPT 43");
INSERT INTO `venue` (`Lon`,`Lat`,`SpotID`,`Name`,`Street`) VALUES ("-126.35663","-88.80335","ED","VQJYRHYZ","UXFMIOAO 02");
INSERT INTO `venue` (`Lon`,`Lat`,`SpotID`,`Name`,`Street`) VALUES ("52.20607","62.17542","YX","CVYTWDIT","FEDNLTJM 08");
INSERT INTO `venue` (`Lon`,`Lat`,`SpotID`,`Name`,`Street`) VALUES ("104.93889","88.68288","LT","EIZJILON","LHUGNUCH 50");
INSERT INTO `venue` (`Lon`,`Lat`,`SpotID`,`Name`,`Street`) VALUES ("91.92954","-9.26554","HB","YBYKERWZ","KQLQHQBX 90");
INSERT INTO `venue` (`Lon`,`Lat`,`SpotID`,`Name`,`Street`) VALUES ("-168.06642","50.47126","UK","PXKEVWNY","PAYSPFYV 17");
INSERT INTO `venue` (`Lon`,`Lat`,`SpotID`,`Name`,`Street`) VALUES ("-130.93223","44.98553","JM","GUKKEHOR","TPCDLFKS 31");
INSERT INTO `venue` (`Lon`,`Lat`,`SpotID`,`Name`,`Street`) VALUES ("-135.39622","13.3478","YE","BQEIVYIF","LYOFPIQE 56");
INSERT INTO `venue` (`Lon`,`Lat`,`SpotID`,`Name`,`Street`) VALUES ("67.34176","-46.29525","TT","CXGKLKJP","WTLWJOVU 03");
INSERT INTO `venue` (`Lon`,`Lat`,`SpotID`,`Name`,`Street`) VALUES ("-47.73649","36.81024","JY","OXCQSAAR","UARVTFRP 83");
INSERT INTO `venue` (`Lon`,`Lat`,`SpotID`,`Name`,`Street`) VALUES ("-127.54803","66.00635","IG","BJIIWXMH","BOGMMVTA 72");
INSERT INTO `venue` (`Lon`,`Lat`,`SpotID`,`Name`,`Street`) VALUES ("-103.07572","-80.08216","QJ","GOFUJVYF","BDPAUNPU 01");
INSERT INTO `venue` (`Lon`,`Lat`,`SpotID`,`Name`,`Street`) VALUES ("-140.5418","11.3457","LL","GYSYCLBA","QZNEYAAU 87");
INSERT INTO `venue` (`Lon`,`Lat`,`SpotID`,`Name`,`Street`) VALUES ("-131.94445","46.02941","RN","KHBJKEAL","CQKEPHEL 38");
INSERT INTO `venue` (`Lon`,`Lat`,`SpotID`,`Name`,`Street`) VALUES ("86.60136","85.09858","OT","TUFLBMMG","UTCDTFOT 10");
INSERT INTO `venue` (`Lon`,`Lat`,`SpotID`,`Name`,`Street`) VALUES ("176.07788","-42.11702","SK","OGOJZFHG","YPYLLPRY 54");
INSERT INTO `venue` (`Lon`,`Lat`,`SpotID`,`Name`,`Street`) VALUES ("-38.1378","-61.78035","LJ","EONBDZUN","WDNCIVRD 32");
INSERT INTO `venue` (`Lon`,`Lat`,`SpotID`,`Name`,`Street`) VALUES ("51.0117","2.53914","RS","UIKTZEWW","CCZYHKYS 58");
INSERT INTO `venue` (`Lon`,`Lat`,`SpotID`,`Name`,`Street`) VALUES ("-129.03883","-71.69865","MZ","TYQTSKEK","ZYFWPFGA 61");
INSERT INTO `venue` (`Lon`,`Lat`,`SpotID`,`Name`,`Street`) VALUES ("119.3096","66.4267","MA","CKDVDFIA","MWSCSIEV 71");
INSERT INTO `venue` (`Lon`,`Lat`,`SpotID`,`Name`,`Street`) VALUES ("-63.15025","9.17269","IR","UUAYFPDU","SDJISZEG 10");
INSERT INTO `venue` (`Lon`,`Lat`,`SpotID`,`Name`,`Street`) VALUES ("-86.64847","-80.53379","BU","HXWEOVSS","KKAOHIBE 18");
INSERT INTO `venue` (`Lon`,`Lat`,`SpotID`,`Name`,`Street`) VALUES ("41.68969","-41.38833","FF","ADGGRKFU","WPAORPZK 72");
INSERT INTO `venue` (`Lon`,`Lat`,`SpotID`,`Name`,`Street`) VALUES ("120.89017","5.6565","IJ","HOXKPDRR","OPYHHHPG 24");
INSERT INTO `venue` (`Lon`,`Lat`,`SpotID`,`Name`,`Street`) VALUES ("153.9821","-76.62338","ZY","NSFRZNDA","IRMERNRC 51");
INSERT INTO `venue` (`Lon`,`Lat`,`SpotID`,`Name`,`Street`) VALUES ("-124.03911","39.1632","DZ","MBNSVDWI","RRWVRTGP 37");
INSERT INTO `venue` (`Lon`,`Lat`,`SpotID`,`Name`,`Street`) VALUES ("-116.52384","19.44481","MO","TPMWDNLM","IJNYJDRY 19");
INSERT INTO `venue` (`Lon`,`Lat`,`SpotID`,`Name`,`Street`) VALUES ("103.12515","48.63425","WW","KCOBTKKV","ACHXRTPW 77");
INSERT INTO `venue` (`Lon`,`Lat`,`SpotID`,`Name`,`Street`) VALUES ("-98.92915","9.72537","DP","XBIGSRKX","SLRSCHFH 26");
INSERT INTO `venue` (`Lon`,`Lat`,`SpotID`,`Name`,`Street`) VALUES ("-151.83165","-54.12454","EM","ILUNYAOB","ULKYGJZL 99");
INSERT INTO `venue` (`Lon`,`Lat`,`SpotID`,`Name`,`Street`) VALUES ("-153.08674","-6.30691","LH","WGRVFBFM","RCTKRJZN 51");
INSERT INTO `venue` (`Lon`,`Lat`,`SpotID`,`Name`,`Street`) VALUES ("-41.04548","-40.61375","MB","CXBJYLNC","DJWVDTXE 15");
INSERT INTO `venue` (`Lon`,`Lat`,`SpotID`,`Name`,`Street`) VALUES ("-118.03868","25.54274","AC","DTTJWJFE","TDFZCCWN 78");
INSERT INTO `venue` (`Lon`,`Lat`,`SpotID`,`Name`,`Street`) VALUES ("-101.30557","-35.18884","HS","OUTZSCJB","XUOOHLDS 38");
INSERT INTO `venue` (`Lon`,`Lat`,`SpotID`,`Name`,`Street`) VALUES ("86.93306","-47.38388","BK","TNZNSNSA","KVBHQXDA 33");
INSERT INTO `venue` (`Lon`,`Lat`,`SpotID`,`Name`,`Street`) VALUES ("-80.27342","62.84769","YV","ODWWBIMP","ZFXNVUYI 64");
INSERT INTO `venue` (`Lon`,`Lat`,`SpotID`,`Name`,`Street`) VALUES ("85.3291","52.49115","YJ","HWFJUAIM","IGBDDMFJ 15");
INSERT INTO `venue` (`Lon`,`Lat`,`SpotID`,`Name`,`Street`) VALUES ("-40.92707","5.24583","UP","TGCYYUWW","EBBWNBJW 90");
INSERT INTO `venue` (`Lon`,`Lat`,`SpotID`,`Name`,`Street`) VALUES ("-130.93991","-60.2074","TX","RNPZHNQL","AAEHOEJX 51");
INSERT INTO `venue` (`Lon`,`Lat`,`SpotID`,`Name`,`Street`) VALUES ("-1.42069","56.50984","SP","GCMCRLXY","SMQTOEBV 75");
INSERT INTO `venue` (`Lon`,`Lat`,`SpotID`,`Name`,`Street`) VALUES ("105.79253","33.09872","SN","HCNDDQJN","HNEWUCZL 59");
INSERT INTO `venue` (`Lon`,`Lat`,`SpotID`,`Name`,`Street`) VALUES ("94.19497","-59.99296","TO","HCZLJHGV","NUJXJLSB 16");
INSERT INTO `venue` (`Lon`,`Lat`,`SpotID`,`Name`,`Street`) VALUES ("169.87411","-32.21169","VD","INFUAZXI","PYDZDHEC 05");
INSERT INTO `venue` (`Lon`,`Lat`,`SpotID`,`Name`,`Street`) VALUES ("27.80614","-69.83552","OF","PFZZNPJG","NSDSCQPD 35");
INSERT INTO `venue` (`Lon`,`Lat`,`SpotID`,`Name`,`Street`) VALUES ("125.39047","-43.46189","YZ","JKPAWIBU","CDFRMPXZ 46");
INSERT INTO `venue` (`Lon`,`Lat`,`SpotID`,`Name`,`Street`) VALUES ("-41.20792","-1.01394","DC","DHPGTLQG","RPHQBZAJ 60");
INSERT INTO `venue` (`Lon`,`Lat`,`SpotID`,`Name`,`Street`) VALUES ("147.52249","-66.86346","LQ","NIKIZAVC","XCJQSZPB 54");
INSERT INTO `venue` (`Lon`,`Lat`,`SpotID`,`Name`,`Street`) VALUES ("96.13995","45.18658","PS","XVTTOMNS","NPVDCMOH 22");
INSERT INTO `venue` (`Lon`,`Lat`,`SpotID`,`Name`,`Street`) VALUES ("107.59532","80.96869","BJ","BLJKDXAC","QGNUORIF 77");
INSERT INTO `venue` (`Lon`,`Lat`,`SpotID`,`Name`,`Street`) VALUES ("-142.94161","-14.03684","AG","YUNFHCTR","KWYBOEGY 82");
INSERT INTO `venue` (`Lon`,`Lat`,`SpotID`,`Name`,`Street`) VALUES ("-8.6666","87.70045","EP","MIGHBBRG","MXTRHEFJ 33");
INSERT INTO `venue` (`Lon`,`Lat`,`SpotID`,`Name`,`Street`) VALUES ("6.10933","-10.72683","FP","MYTMHRCY","IPZVMZUY 87");
INSERT INTO `venue` (`Lon`,`Lat`,`SpotID`,`Name`,`Street`) VALUES ("-144.34732","15.20222","YD","QQPZPCNF","SUHYZSNY 26");
INSERT INTO `venue` (`Lon`,`Lat`,`SpotID`,`Name`,`Street`) VALUES ("-1.86388","62.79594","QQ","PLCEQHCC","QRZIUUAR 39");
INSERT INTO `venue` (`Lon`,`Lat`,`SpotID`,`Name`,`Street`) VALUES ("21.87076","36.69316","XP","LIHTWJXC","WGEZOWEC 87");
INSERT INTO `venue` (`Lon`,`Lat`,`SpotID`,`Name`,`Street`) VALUES ("141.52321","11.28364","JC","TQZLTAFU","TVURFMID 51");
INSERT INTO `venue` (`Lon`,`Lat`,`SpotID`,`Name`,`Street`) VALUES ("139.30175","31.37239","UT","HFDYTDVD","QXAZEWHW 10");
INSERT INTO `venue` (`Lon`,`Lat`,`SpotID`,`Name`,`Street`) VALUES ("-79.6683","-36.80025","RC","PVNSPZTF","PTQKGDJS 41");
INSERT INTO `venue` (`Lon`,`Lat`,`SpotID`,`Name`,`Street`) VALUES ("68.99947","-82.40967","MO","LEBDFCQQ","AWPPYRTK 54");
INSERT INTO `venue` (`Lon`,`Lat`,`SpotID`,`Name`,`Street`) VALUES ("-59.19281","-68.67143","EJ","OASSPAXM","HORMUEPY 37");
INSERT INTO `venue` (`Lon`,`Lat`,`SpotID`,`Name`,`Street`) VALUES ("140.02613","-11.28338","DO","GEUWFVDI","IQGKXYUB 86");
INSERT INTO `venue` (`Lon`,`Lat`,`SpotID`,`Name`,`Street`) VALUES ("2.40005","-54.77577","NR","LEZKXHIU","OKTWSUZR 44");
INSERT INTO `venue` (`Lon`,`Lat`,`SpotID`,`Name`,`Street`) VALUES ("-113.8283","7.57528","PI","ZBEUPCGZ","UBPJFYAK 62");
INSERT INTO `venue` (`Lon`,`Lat`,`SpotID`,`Name`,`Street`) VALUES ("154.67828","86.95275","EG","XSLKAZWQ","FQDMVMAZ 91");
INSERT INTO `venue` (`Lon`,`Lat`,`SpotID`,`Name`,`Street`) VALUES ("44.15228","-37.89818","ZH","LRDHXLGG","TUVTPGVW 27");
INSERT INTO `venue` (`Lon`,`Lat`,`SpotID`,`Name`,`Street`) VALUES ("-0.42757","-4.11642","TT","KFANYTJJ","DAQWOUOR 42");
INSERT INTO `venue` (`Lon`,`Lat`,`SpotID`,`Name`,`Street`) VALUES ("162.91899","-66.3507","XF","PGBLLTCO","BYZEVJBG 48");
INSERT INTO `venue` (`Lon`,`Lat`,`SpotID`,`Name`,`Street`) VALUES ("-5.95268","-78.97083","FK","FLDPLTGJ","VWHVOQAO 22");
INSERT INTO `venue` (`Lon`,`Lat`,`SpotID`,`Name`,`Street`) VALUES ("34.11905","-87.10657","NR","XOOGJFYO","HIUJVEWU 87");
INSERT INTO `venue` (`Lon`,`Lat`,`SpotID`,`Name`,`Street`) VALUES ("173.61798","24.67214","PR","BMPZACGB","IKVTTWLM 20");
INSERT INTO `venue` (`Lon`,`Lat`,`SpotID`,`Name`,`Street`) VALUES ("-148.44742","45.39992","DU","SEZPSLVK","EWUGINXM 48");
INSERT INTO `venue` (`Lon`,`Lat`,`SpotID`,`Name`,`Street`) VALUES ("14.63043","-67.25577","VE","HIAKVGJQ","DXTASNAC 97");
INSERT INTO `venue` (`Lon`,`Lat`,`SpotID`,`Name`,`Street`) VALUES ("92.22242","8.79861","FY","XLJCIEWB","DQFOWUHF 39");
INSERT INTO `venue` (`Lon`,`Lat`,`SpotID`,`Name`,`Street`) VALUES ("143.84718","-14.56041","MY","MUTPVFNV","FGBYQKLK 45");
INSERT INTO `venue` (`Lon`,`Lat`,`SpotID`,`Name`,`Street`) VALUES ("-28.30494","44.5473","YE","PNMTVZEH","PSZWRXWS 41");
INSERT INTO `venue` (`Lon`,`Lat`,`SpotID`,`Name`,`Street`) VALUES ("121.88178","-82.10214","AU","RIRVDMUR","APYJGQJM 39");
INSERT INTO `venue` (`Lon`,`Lat`,`SpotID`,`Name`,`Street`) VALUES ("-176.85643","-78.78293","KI","SZEWHPDL","TPFHISTG 18");
INSERT INTO `venue` (`Lon`,`Lat`,`SpotID`,`Name`,`Street`) VALUES ("-3.33761","47.04623","WC","SXHXNWRF","YXFIOVKG 00");
INSERT INTO `venue` (`Lon`,`Lat`,`SpotID`,`Name`,`Street`) VALUES ("-24.55077","-35.30179","AU","ZGNMZKXC","NHVPRROA 89");
INSERT INTO `venue` (`Lon`,`Lat`,`SpotID`,`Name`,`Street`) VALUES ("18.10491","-62.21762","HR","YZHDRQAW","DBHNDDJY 93");
INSERT INTO `venue` (`Lon`,`Lat`,`SpotID`,`Name`,`Street`) VALUES ("-134.91629","67.50275","KB","TSVJGXHG","AKLJDPKH 76");
INSERT INTO `venue` (`Lon`,`Lat`,`SpotID`,`Name`,`Street`) VALUES ("86.76926","57.44085","MI","ZSQYZGMF","MUDGSLRW 48");
INSERT INTO `venue` (`Lon`,`Lat`,`SpotID`,`Name`,`Street`) VALUES ("-104.74057","-43.71797","LH","CVIHGEMF","OOOWRWQL 74");
INSERT INTO `venue` (`Lon`,`Lat`,`SpotID`,`Name`,`Street`) VALUES ("148.94935","37.75856","PG","GWBLBGQZ","UEYZZSNH 42");
INSERT INTO `venue` (`Lon`,`Lat`,`SpotID`,`Name`,`Street`) VALUES ("0.63477","-2.71908","CH","RAZHYOXN","GYTYOKMM 96");
INSERT INTO `venue` (`Lon`,`Lat`,`SpotID`,`Name`,`Street`) VALUES ("3.48448","-60.55967","MC","FIQMQTIH","AXNZTNVQ 72");
INSERT INTO `venue` (`Lon`,`Lat`,`SpotID`,`Name`,`Street`) VALUES ("177.8346","-83.90973","RL","WETOVSKQ","APLUDVBQ 01");

INSERT INTO `performance` (`ArtistID`,`Lon`,`Lat`,`Date`,`SpotID`,`Name`) VALUES (1,"-66.82969","60.2517","2014-11-04 10","HM","OBWSIKUY");
INSERT INTO `performance` (`ArtistID`,`Lon`,`Lat`,`Date`,`SpotID`,`Name`) VALUES (2,"-140.40048","37.37187","2015-02-11 17","DE","BVZRDYGD");
INSERT INTO `performance` (`ArtistID`,`Lon`,`Lat`,`Date`,`SpotID`,`Name`) VALUES (3,"-20.83708","36.6032","2016-03-20 20","GK","EQWCDXJF");
INSERT INTO `performance` (`ArtistID`,`Lon`,`Lat`,`Date`,`SpotID`,`Name`) VALUES (4,"-174.72139","-33.43603","2016-03-22 00","VJ","EPSVPZYJ");
INSERT INTO `performance` (`ArtistID`,`Lon`,`Lat`,`Date`,`SpotID`,`Name`) VALUES (5,"114.78339","-53.97437","2016-09-05 20","BK","QNWDMWVF");
INSERT INTO `performance` (`ArtistID`,`Lon`,`Lat`,`Date`,`SpotID`,`Name`) VALUES (6,"152.31926","-29.87241","2016-02-16 18","EK","KOSEWPOM");
INSERT INTO `performance` (`ArtistID`,`Lon`,`Lat`,`Date`,`SpotID`,`Name`) VALUES (7,"127.87753","-71.31049","2016-10-02 08","IR","PBQDWIVO");
INSERT INTO `performance` (`ArtistID`,`Lon`,`Lat`,`Date`,`SpotID`,`Name`) VALUES (8,"-157.15625","-29.51066","2015-05-29 05","UW","NVJNUKKD");
INSERT INTO `performance` (`ArtistID`,`Lon`,`Lat`,`Date`,`SpotID`,`Name`) VALUES (9,"-159.73072","10.5459","2015-11-01 09","AZ","QLLQNPLG");
INSERT INTO `performance` (`ArtistID`,`Lon`,`Lat`,`Date`,`SpotID`,`Name`) VALUES (10,"-74.33527","-58.75123","2016-03-31 21","ZR","JRYTUEIB");
INSERT INTO `performance` (`ArtistID`,`Lon`,`Lat`,`Date`,`SpotID`,`Name`) VALUES (11,"-118.68519","-69.42147","2015-08-18 14","VY","GFNGRCCE");
INSERT INTO `performance` (`ArtistID`,`Lon`,`Lat`,`Date`,`SpotID`,`Name`) VALUES (12,"65.77729","50.46749","2016-07-19 07","XE","EDKHJBCC");
INSERT INTO `performance` (`ArtistID`,`Lon`,`Lat`,`Date`,`SpotID`,`Name`) VALUES (13,"-11.79778","39.11471","2016-04-09 00","ZY","FRKDWXOZ");
INSERT INTO `performance` (`ArtistID`,`Lon`,`Lat`,`Date`,`SpotID`,`Name`) VALUES (14,"-81.15319","89.26595","2014-11-04 16","KW","WKVFFKPE");
INSERT INTO `performance` (`ArtistID`,`Lon`,`Lat`,`Date`,`SpotID`,`Name`) VALUES (15,"7.96433","-32.09651","2015-04-12 07","KW","TXWGAZYV");
INSERT INTO `performance` (`ArtistID`,`Lon`,`Lat`,`Date`,`SpotID`,`Name`) VALUES (16,"56.60278","-36.44058","2016-02-10 22","AU","UABHLWZY");
INSERT INTO `performance` (`ArtistID`,`Lon`,`Lat`,`Date`,`SpotID`,`Name`) VALUES (17,"107.73184","-24.32814","2014-12-21 16","YQ","SKTPOBMO");
INSERT INTO `performance` (`ArtistID`,`Lon`,`Lat`,`Date`,`SpotID`,`Name`) VALUES (18,"-163.80818","-30.37017","2015-08-02 23","DJ","QGDAAVLL");
INSERT INTO `performance` (`ArtistID`,`Lon`,`Lat`,`Date`,`SpotID`,`Name`) VALUES (19,"136.06187","78.14024","2015-11-20 02","TH","FWOWFJZF");
INSERT INTO `performance` (`ArtistID`,`Lon`,`Lat`,`Date`,`SpotID`,`Name`) VALUES (20,"85.39796","50.07197","2015-06-05 05","ST","ZFOJKYEX");
INSERT INTO `performance` (`ArtistID`,`Lon`,`Lat`,`Date`,`SpotID`,`Name`) VALUES (21,"96.81215","-73.50888","2015-10-12 14","WP","BVXBEJYC");
INSERT INTO `performance` (`ArtistID`,`Lon`,`Lat`,`Date`,`SpotID`,`Name`) VALUES (22,"-75.16298","5.62235","2016-04-28 14","MN","SDEFKUZA");
INSERT INTO `performance` (`ArtistID`,`Lon`,`Lat`,`Date`,`SpotID`,`Name`) VALUES (23,"-97.67189","-26.99167","2014-10-29 03","EI","ULGVSVLF");
INSERT INTO `performance` (`ArtistID`,`Lon`,`Lat`,`Date`,`SpotID`,`Name`) VALUES (24,"113.09072","34.36731","2016-01-10 19","KF","KZIYFTEB");
INSERT INTO `performance` (`ArtistID`,`Lon`,`Lat`,`Date`,`SpotID`,`Name`) VALUES (25,"-54.84204","89.45409","2015-05-20 12","WD","XKCGKHNA");
INSERT INTO `performance` (`ArtistID`,`Lon`,`Lat`,`Date`,`SpotID`,`Name`) VALUES (26,"153.43562","41.86504","2015-03-24 14","CV","NQSXAEQN");
INSERT INTO `performance` (`ArtistID`,`Lon`,`Lat`,`Date`,`SpotID`,`Name`) VALUES (27,"74.05089","84.32752","2016-01-07 08","HI","QKKREXGP");
INSERT INTO `performance` (`ArtistID`,`Lon`,`Lat`,`Date`,`SpotID`,`Name`) VALUES (28,"-60.29576","-70.84174","2014-11-23 12","HO","CFZYDYKD");
INSERT INTO `performance` (`ArtistID`,`Lon`,`Lat`,`Date`,`SpotID`,`Name`) VALUES (29,"-138.53761","21.36858","2016-08-28 19","EO","VWUOWSGC");
INSERT INTO `performance` (`ArtistID`,`Lon`,`Lat`,`Date`,`SpotID`,`Name`) VALUES (30,"6.17629","-28.08954","2016-03-10 18","BH","UKBYKIHV");
INSERT INTO `performance` (`ArtistID`,`Lon`,`Lat`,`Date`,`SpotID`,`Name`) VALUES (31,"-55.16279","44.11883","2015-06-18 16","HW","KYGKUIFV");
INSERT INTO `performance` (`ArtistID`,`Lon`,`Lat`,`Date`,`SpotID`,`Name`) VALUES (32,"154.08933","20.08955","2016-09-19 06","MZ","OAWIXMDG");
INSERT INTO `performance` (`ArtistID`,`Lon`,`Lat`,`Date`,`SpotID`,`Name`) VALUES (33,"145.77052","-65.52154","2015-05-05 15","YW","PXTBKBYS");
INSERT INTO `performance` (`ArtistID`,`Lon`,`Lat`,`Date`,`SpotID`,`Name`) VALUES (34,"40.48495","-66.89253","2016-09-17 18","AG","UNJZGKFN");
INSERT INTO `performance` (`ArtistID`,`Lon`,`Lat`,`Date`,`SpotID`,`Name`) VALUES (35,"117.99052","-72.08879","2014-10-29 14","XU","ETIKFSUU");
INSERT INTO `performance` (`ArtistID`,`Lon`,`Lat`,`Date`,`SpotID`,`Name`) VALUES (36,"-3.85203","-46.96168","2016-04-29 05","NX","GAYFXPNM");
INSERT INTO `performance` (`ArtistID`,`Lon`,`Lat`,`Date`,`SpotID`,`Name`) VALUES (37,"-127.92233","-68.04654","2016-08-31 01","ZA","YHJBHSRW");
INSERT INTO `performance` (`ArtistID`,`Lon`,`Lat`,`Date`,`SpotID`,`Name`) VALUES (38,"80.03597","27.03726","2015-12-30 21","AP","NYIGUVZC");
INSERT INTO `performance` (`ArtistID`,`Lon`,`Lat`,`Date`,`SpotID`,`Name`) VALUES (39,"-102.92808","8.48008","2015-05-30 14","EF","HICQBXGF");
INSERT INTO `performance` (`ArtistID`,`Lon`,`Lat`,`Date`,`SpotID`,`Name`) VALUES (40,"92.10726","-44.1499","2015-09-05 00","AE","DBXLWHWC");
INSERT INTO `performance` (`ArtistID`,`Lon`,`Lat`,`Date`,`SpotID`,`Name`) VALUES (41,"-46.9606","-60.37936","2016-10-26 15","IB","AOENLSHF");
INSERT INTO `performance` (`ArtistID`,`Lon`,`Lat`,`Date`,`SpotID`,`Name`) VALUES (42,"-12.58878","86.5293","2015-12-19 15","AQ","SKLDLNXJ");
INSERT INTO `performance` (`ArtistID`,`Lon`,`Lat`,`Date`,`SpotID`,`Name`) VALUES (43,"11.1277","-63.11944","2015-01-29 03","FF","JJXDQEUU");
INSERT INTO `performance` (`ArtistID`,`Lon`,`Lat`,`Date`,`SpotID`,`Name`) VALUES (44,"-62.27499","3.70698","2016-06-01 15","DP","HQJBQLGH");
INSERT INTO `performance` (`ArtistID`,`Lon`,`Lat`,`Date`,`SpotID`,`Name`) VALUES (45,"-59.86481","-7.61829","2016-09-08 08","WO","IMVSDRRQ");
INSERT INTO `performance` (`ArtistID`,`Lon`,`Lat`,`Date`,`SpotID`,`Name`) VALUES (46,"11.79028","-79.56714","2015-07-18 10","OS","ASIZYYZL");
INSERT INTO `performance` (`ArtistID`,`Lon`,`Lat`,`Date`,`SpotID`,`Name`) VALUES (47,"-44.0931","-45.00235","2015-07-07 04","QT","DWOISGJA");
INSERT INTO `performance` (`ArtistID`,`Lon`,`Lat`,`Date`,`SpotID`,`Name`) VALUES (48,"-111.50532","71.72827","2015-10-16 06","VB","EYPYKTBX");
INSERT INTO `performance` (`ArtistID`,`Lon`,`Lat`,`Date`,`SpotID`,`Name`) VALUES (49,"14.3703","34.76689","2015-09-26 07","LK","ORSKQOTF");
INSERT INTO `performance` (`ArtistID`,`Lon`,`Lat`,`Date`,`SpotID`,`Name`) VALUES (50,"171.33601","-76.99183","2016-06-06 19","ED","CCFJBWOK");
INSERT INTO `performance` (`ArtistID`,`Lon`,`Lat`,`Date`,`SpotID`,`Name`) VALUES (51,"-8.97418","-9.48986","2016-10-20 08","KW","SILGDKLS");
INSERT INTO `performance` (`ArtistID`,`Lon`,`Lat`,`Date`,`SpotID`,`Name`) VALUES (52,"9.4156","10.67056","2016-01-05 13","UA","DMNRUSXL");
INSERT INTO `performance` (`ArtistID`,`Lon`,`Lat`,`Date`,`SpotID`,`Name`) VALUES (53,"0.36637","-27.69504","2015-07-25 05","PA","YXEVQIGP");
INSERT INTO `performance` (`ArtistID`,`Lon`,`Lat`,`Date`,`SpotID`,`Name`) VALUES (54,"28.1551","84.15075","2016-05-30 22","XN","FBBASONV");
INSERT INTO `performance` (`ArtistID`,`Lon`,`Lat`,`Date`,`SpotID`,`Name`) VALUES (55,"-45.80162","32.90969","2016-09-09 04","OG","IELDLTDN");
INSERT INTO `performance` (`ArtistID`,`Lon`,`Lat`,`Date`,`SpotID`,`Name`) VALUES (56,"158.57816","22.91187","2015-12-10 13","YU","KJPWUEEE");
INSERT INTO `performance` (`ArtistID`,`Lon`,`Lat`,`Date`,`SpotID`,`Name`) VALUES (57,"118.4394","52.28395","2016-07-29 10","OD","UCDTAJIE");
INSERT INTO `performance` (`ArtistID`,`Lon`,`Lat`,`Date`,`SpotID`,`Name`) VALUES (58,"8.46275","-53.42552","2015-04-08 15","WS","YTIPELLY");
INSERT INTO `performance` (`ArtistID`,`Lon`,`Lat`,`Date`,`SpotID`,`Name`) VALUES (59,"143.87618","55.98579","2016-02-16 20","VW","RZTQDHSO");
INSERT INTO `performance` (`ArtistID`,`Lon`,`Lat`,`Date`,`SpotID`,`Name`) VALUES (60,"-155.36113","-67.21397","2015-02-08 17","IL","UUONIEGS");
INSERT INTO `performance` (`ArtistID`,`Lon`,`Lat`,`Date`,`SpotID`,`Name`) VALUES (61,"136.53614","47.7798","2015-09-30 03","AO","AFBZHTPP");
INSERT INTO `performance` (`ArtistID`,`Lon`,`Lat`,`Date`,`SpotID`,`Name`) VALUES (62,"-135.07499","-48.6007","2016-09-03 10","QK","DYJGKAGZ");
INSERT INTO `performance` (`ArtistID`,`Lon`,`Lat`,`Date`,`SpotID`,`Name`) VALUES (63,"13.96742","-52.4239","2016-02-16 22","XR","OPQAJQJQ");
INSERT INTO `performance` (`ArtistID`,`Lon`,`Lat`,`Date`,`SpotID`,`Name`) VALUES (64,"-1.80895","6.63529","2015-05-15 11","BW","KYRCYINT");
INSERT INTO `performance` (`ArtistID`,`Lon`,`Lat`,`Date`,`SpotID`,`Name`) VALUES (65,"16.43488","-3.07218","2016-03-18 12","CT","XKRSVFNO");
INSERT INTO `performance` (`ArtistID`,`Lon`,`Lat`,`Date`,`SpotID`,`Name`) VALUES (66,"110.33694","-36.31016","2016-03-24 15","MU","HTBQTHMQ");
INSERT INTO `performance` (`ArtistID`,`Lon`,`Lat`,`Date`,`SpotID`,`Name`) VALUES (67,"149.75878","-23.24147","2015-04-28 21","FU","MXSPWDES");
INSERT INTO `performance` (`ArtistID`,`Lon`,`Lat`,`Date`,`SpotID`,`Name`) VALUES (68,"-31.77597","-21.61539","2015-08-20 18","CG","ZXOHOBFM");
INSERT INTO `performance` (`ArtistID`,`Lon`,`Lat`,`Date`,`SpotID`,`Name`) VALUES (69,"29.08906","12.63553","2016-01-23 05","YG","DKJPYIJG");
INSERT INTO `performance` (`ArtistID`,`Lon`,`Lat`,`Date`,`SpotID`,`Name`) VALUES (70,"-78.90129","52.65554","2016-09-03 05","OB","QCQUPFIH");
INSERT INTO `performance` (`ArtistID`,`Lon`,`Lat`,`Date`,`SpotID`,`Name`) VALUES (71,"24.65409","-49.69552","2015-02-01 01","QO","PGTDLFFO");
INSERT INTO `performance` (`ArtistID`,`Lon`,`Lat`,`Date`,`SpotID`,`Name`) VALUES (72,"110.55616","43.40216","2016-02-16 07","ZI","ONKETLOE");
INSERT INTO `performance` (`ArtistID`,`Lon`,`Lat`,`Date`,`SpotID`,`Name`) VALUES (73,"-131.61337","-75.75711","2015-03-31 04","RR","FKKEFACA");
INSERT INTO `performance` (`ArtistID`,`Lon`,`Lat`,`Date`,`SpotID`,`Name`) VALUES (74,"119.60106","-65.07825","2015-08-15 19","LU","SPKXWUCW");
INSERT INTO `performance` (`ArtistID`,`Lon`,`Lat`,`Date`,`SpotID`,`Name`) VALUES (75,"-105.55651","-80.51763","2016-06-26 19","KQ","JBPFALEK");
INSERT INTO `performance` (`ArtistID`,`Lon`,`Lat`,`Date`,`SpotID`,`Name`) VALUES (76,"133.85563","-78.4426","2015-05-07 01","VE","GWEDGFAQ");
INSERT INTO `performance` (`ArtistID`,`Lon`,`Lat`,`Date`,`SpotID`,`Name`) VALUES (77,"139.77793","25.94191","2015-04-20 17","SM","CTWBWVOL");
INSERT INTO `performance` (`ArtistID`,`Lon`,`Lat`,`Date`,`SpotID`,`Name`) VALUES (78,"179.30898","49.98811","2016-05-03 17","VF","JASIZZGK");
INSERT INTO `performance` (`ArtistID`,`Lon`,`Lat`,`Date`,`SpotID`,`Name`) VALUES (79,"-82.85196","70.82873","2016-03-05 17","IG","JJDYEWJQ");
INSERT INTO `performance` (`ArtistID`,`Lon`,`Lat`,`Date`,`SpotID`,`Name`) VALUES (80,"148.43458","-38.23618","2015-06-06 01","PZ","VCGMSTNN");
INSERT INTO `performance` (`ArtistID`,`Lon`,`Lat`,`Date`,`SpotID`,`Name`) VALUES (81,"50.39227","-14.99414","2015-07-24 17","ZW","RJJFUXOP");
INSERT INTO `performance` (`ArtistID`,`Lon`,`Lat`,`Date`,`SpotID`,`Name`) VALUES (82,"11.69432","56.99248","2015-10-07 16","IG","OMSGUYNQ");
INSERT INTO `performance` (`ArtistID`,`Lon`,`Lat`,`Date`,`SpotID`,`Name`) VALUES (83,"-17.27835","18.78085","2016-01-27 18","WX","QZPZFEQT");
INSERT INTO `performance` (`ArtistID`,`Lon`,`Lat`,`Date`,`SpotID`,`Name`) VALUES (84,"128.39545","59.03021","2015-08-05 19","QO","WYSHPGJA");
INSERT INTO `performance` (`ArtistID`,`Lon`,`Lat`,`Date`,`SpotID`,`Name`) VALUES (85,"142.12724","27.05777","2015-04-25 19","AI","JIUHYEMB");
INSERT INTO `performance` (`ArtistID`,`Lon`,`Lat`,`Date`,`SpotID`,`Name`) VALUES (86,"45.21694","39.46921","2016-05-20 10","AU","PRLMTROC");
INSERT INTO `performance` (`ArtistID`,`Lon`,`Lat`,`Date`,`SpotID`,`Name`) VALUES (87,"133.87165","-1.2037","2015-10-24 09","MT","PSBUXINM");
INSERT INTO `performance` (`ArtistID`,`Lon`,`Lat`,`Date`,`SpotID`,`Name`) VALUES (88,"1.59344","9.99411","2016-08-10 23","XO","GOEGWZSO");
INSERT INTO `performance` (`ArtistID`,`Lon`,`Lat`,`Date`,`SpotID`,`Name`) VALUES (89,"-71.87214","-48.95949","2015-01-03 01","VP","HZJSXOMI");
INSERT INTO `performance` (`ArtistID`,`Lon`,`Lat`,`Date`,`SpotID`,`Name`) VALUES (90,"-72.8864","-10.52333","2016-09-09 11","SH","CZBDZATN");
INSERT INTO `performance` (`ArtistID`,`Lon`,`Lat`,`Date`,`SpotID`,`Name`) VALUES (91,"50.6363","-39.97429","2015-09-09 10","GP","IROBLAQU");
INSERT INTO `performance` (`ArtistID`,`Lon`,`Lat`,`Date`,`SpotID`,`Name`) VALUES (92,"-111.61412","51.24597","2016-03-12 19","DA","ILIARYLU");
INSERT INTO `performance` (`ArtistID`,`Lon`,`Lat`,`Date`,`SpotID`,`Name`) VALUES (93,"46.41061","-54.5711","2016-01-21 07","HM","GINTEIGZ");
INSERT INTO `performance` (`ArtistID`,`Lon`,`Lat`,`Date`,`SpotID`,`Name`) VALUES (94,"52.76366","29.34222","2016-04-29 13","YL","FRBNZRTM");
INSERT INTO `performance` (`ArtistID`,`Lon`,`Lat`,`Date`,`SpotID`,`Name`) VALUES (95,"80.30459","0.83358","2015-04-18 08","NW","EOYFJWPR");
INSERT INTO `performance` (`ArtistID`,`Lon`,`Lat`,`Date`,`SpotID`,`Name`) VALUES (96,"172.14862","-6.84759","2015-09-19 07","DR","OBJVYKMS");
INSERT INTO `performance` (`ArtistID`,`Lon`,`Lat`,`Date`,`SpotID`,`Name`) VALUES (97,"2.40767","68.35294","2016-05-11 10","BW","LPPLYLWS");
INSERT INTO `performance` (`ArtistID`,`Lon`,`Lat`,`Date`,`SpotID`,`Name`) VALUES (98,"112.74924","-50.69712","2015-08-07 01","YO","IPGMIOPX");
INSERT INTO `performance` (`ArtistID`,`Lon`,`Lat`,`Date`,`SpotID`,`Name`) VALUES (99,"176.22316","-53.18988","2016-06-26 00","QB","EYZHACSP");
INSERT INTO `performance` (`ArtistID`,`Lon`,`Lat`,`Date`,`SpotID`,`Name`) VALUES (100,"149.37321","30.45467","2015-08-11 05","MW","YGOGJLQW");

SET FOREIGN_KEY_CHECKS = 1;